id,word,reading,meaning,sentence,tags
1,男性,だんせい,"мужчина, мужской пол, мужественность",理想の男性と結婚する,Unit01
2,女性,じょせい,"женщина, женский пол, женственность",あの女性は誰ですか,Unit01
3,高齢,こうれい,преклонный возраст,祖母は高齢だが、まだとても元気だ,Unit01
4,年上,としうえ,старший по возрасту,年上の友達,Unit01
5,目上,めうえ,"начальство, старшие",目上の人には敬語で話したほうがいい,Unit01
6,先輩,せんぱい,"старший товарищ, старший по курсу",田中さんと私は同じ年だが、職場では彼のほうが先輩だ,Unit01
7,後輩,こうはい,"младший товарищ, молодое поколение",田中さんと私は同じ年だが、職場では彼のほうが先輩だ,Unit01
8,上司,じょうし,"старший по чину, начальник",上司に相談してから、決定する,Unit01
9,相手,あいて,"партнёр, собеседник",相手の目を見て話す,Unit01
10,知り合い,しりあい,знакомство,知り合いに息子の就職を頼む,Unit01
11,友人,ゆうじん,"друг, приятель",学生時代の友人です,Unit01
12,仲,なか,отношения с кем-либо,私は山本さんと仲がいい,Unit01
13,生年月日,せいねんがっぴ,дата рождения,書類に生年月日を記入する,Unit01
14,誕生,たんじょう,рождение,新しい命の誕生を祝う,Unit01
15,年,とし,год,年の始に一年の計画を立てる,Unit01
16,出身,しゅっしん,"родом из, выпускник",ご出身はどちらですか,Unit01
17,故郷,こきょう,"родные места, родная деревня",仕事は忙しくて、もう何年も故郷に帰っていない,Unit01
18,成長,せいちょう,рост,子供の成長を喜ぶ,Unit01
19,成人,せいじん,совершеннолетний,日本では二十歳以上の人を成人という,Unit01
20,合格,ごうかく,соответствовать требованиям,大学に合格する,Unit01
21,進学,しんがく,поступление в учебное заведение более высокой ступени,子供の進学について考える,Unit01
22,退学,たいがく,выход из учебного заведения,退学の理由を説明する,Unit01
23,就職,しゅうしょく,поступление на работу; поиск работы,旅行会社に就職する,Unit01
24,退職,たいしょく,выход на пенсию,母の介護のため、退職を決めた,Unit01
25,失業,しつぎょう,безработица,会社が倒産して失業した,Unit01
26,残業,ざんぎょう,"сверхурочная работа, переработка",残業が多くて疲れた,Unit01
27,生活,せいかつ,образ жизни,健康的な生活を送る,Unit01
28,通勤,つうきん,поездки на работу,私は毎日一時間かけて通勤している,Unit01
29,学歴,がくれき,"история образования, полученное образование",学歴が高くても、実力があるかどうかは分からない,Unit01
30,給料,きゅうりょう,зарплата,会社から給料を貰う,Unit01
31,面接,めんせつ,собеседование,今日会社の人との面接がある,Unit01
32,休憩,きゅうけい,"отдых, перемена, перерыв",ではここで、十分間の休憩です,Unit01
33,観光,かんこう,туризм,来日の目的は観光です,Unit01
34,帰国,きこく,возвращение на родину,今度の正月には帰国するつもりだ,Unit01
35,帰省,きせい,"посещение родины, поездка в родные места",お盆には故郷に帰省する日本人が多い,Unit01
36,帰宅,きたく,возвращение домой (с работы и т.п.),毎日忙しくて帰宅が遅い,Unit01
37,参加,さんか,"участвовать, принимать участие",ボランティア活動に参加する,Unit01
38,出席,しゅっせき,присутствовать,ミーティングに出席する,Unit01
39,欠席,けっせき,отсутствовать,授業を欠席する,Unit01
40,遅刻,ちこく,опоздание,寝坊して授業に遅刻する,Unit01
41,化粧,けしょう,косметика,あなたは毎日、お化粧に何分ぐらいかけていますか,Unit01
42,計算,けいさん,вычисление,私は計算が苦手だ,Unit01
43,計画,けいかく,планы,来年の計画を立てる,Unit01
44,成功,せいこう,успех,実験に成功する,Unit01
45,失敗,しっぱい,"провал, ошибка",実験の失敗で、計画は中止になった,Unit01
46,準備,じゅんび,подготовка,引っ越しの準備が終わった,Unit01
47,整理,せいり,"организация, приборка",資料の整理,Unit01
48,注文,ちゅうもん,заказ,注文の品が届く,Unit01
49,貯金,ちょきん,банковский вклад,貯金が増える,Unit01
50,徹夜,てつや,бессонная ночь,徹夜が続く,Unit01
51,引っ越し,ひっこし,переезд,引っ越しを手伝う,Unit01
52,身長,しんちょう,рост человека,身長を測る,Unit01
53,体重,たいじゅう,вес,体重を測る,Unit01
54,けが,けが,рана,小さな怪我,Unit01
55,会,かい,вечеринка,忘年会を開く,Unit01
56,趣味,しゅみ,хобби,趣味は読書です,Unit01
57,興味,きょうみ,интерес к чему-либо,私は歴史に興味がある,Unit01
58,思い出,おもいで,воспоминания,子供の頃の思い出,Unit01
59,冗談,じょうだん,шутка,冗談を言ったら皆が本気にした,Unit01
60,目的,もくてき,"цель, задача",日本に来た目的は大学への入学だ,Unit01
61,約束,やくそく,обещание,彼と結婚の約束をした,Unit01
62,おしゃべり,おしゃべり,"разговор, болтовня",授業中に隣の人とお喋りしていて、先生に怒られた,Unit01
63,遠慮,えんりょ,"стыд, стеснение",遠慮しないで、食べてください,Unit01
64,我慢,がまん,терпение,痛くても我慢する,Unit01
65,迷惑,めいわく,"беспокойство, стеснение, тягость",人に迷惑をかけてはいけない,Unit01
66,希望,きぼう,"надежды, пожелания",最後まで希望を捨ててはいけない,Unit01
67,夢,ゆめ,"сон, мечта",昨日怖い夢を見た,Unit01
68,賛成,さんせい,"""Согласен!""",賛成の人は手を挙げてください,Unit01
69,反対,はんたい,быть против,プラスの反対はマイナスだ,Unit01
70,想像,そうぞう,воображение,想像と現実は違う,Unit01
71,努力,どりょく,"старания, усилия",一生懸命努力をする,Unit01
72,太陽,たいよう,солнце,太陽が昇って、暖かくなった,Unit01
73,地球,ちきゅう,Земля,地球の環境が悪化している,Unit01
74,温度,おんど,температура воздуха,温度を測る,Unit01
75,湿度,しつど,"влажность, уровень влажности",今年の夏は特に湿度が高い,Unit01
76,湿気,しっけ,"влажность, сырость",日本の夏は湿気が多い,Unit01
77,梅雨,つゆ,сезон дождей,六月から七月は梅雨の時期だ,Unit01
78,かび,かび,плесень,梅雨の時期はかびが生えやすい,Unit01
79,暖房,だんぼう,отпление,寒いので暖房をつける,Unit01
80,皮,かわ,кожура,果物の皮,Unit01
81,缶,かん,"банка, жестянка",お菓子をカンに入れて保存する,Unit01
82,画面,がめん,экран,パソコンの画面をずっと見ていると、目が疲れる,Unit01
83,番組,ばんぐみ,передача,テレビの番組を見る,Unit01
84,記事,きじ,заметка,この記事によると、日本に住む外国人が増えているそうだ,Unit01
85,近所,きんじょ,"сосeдний, соседнее место",近所の人とは仲良くしたほうがいい,Unit01
86,警察,けいさつ,полиция,自転車を盗まれたので、警察に届けた,Unit01
87,犯人,はんにん,преступнк,事件の犯人,Unit01
88,小銭,こぜに,мелкие деньги,バスに乗ってから、小銭がないことに気が付き、とても困った,Unit01
89,ごちそう,ごちそう,угощения,家族皆でご馳走を食べて、祖父の誕生日を祝った,Unit01
90,作者,さくしゃ,"писатель, автор",小説の作者,Unit01
91,作品,さくひん,"произведение, авторская работа",学生の作品をロビーに展示する,Unit01
92,制服,せいふく,школьная форма,日本の中学校には制服のある学校が多い,Unit01
93,洗剤,せんざい,моющее средство,洗剤で食器を洗う,Unit01
94,底,そこ,дно,靴の底に穴が空く,Unit01
95,地下,ちか,подвал,大都市は地下の開発が進んでいる,Unit01
96,寺,てら,храм,寺に参る,Unit01
97,道路,どうろ,дорога,道路が込む,Unit01
98,坂,さか,склон,坂を上る,Unit01
99,煙,けむり,дым,火事のときは煙に注意して逃げてください,Unit01
100,灰,はい,пепел,煙草の灰,Unit01
101,判,はん,личная печать,書類に判を押す,Unit01
102,名刺,めいし,визитка,名刺を交換する,Unit01
103,免許,めんきょ,лицензия,レストランを開くには調理師の免許が必要だ,Unit01
104,多く,おおく,много,オリンピックには多くの国が参加した,Unit01
105,前半,ぜんはん,первая половина,映画の前半は退屈だったが、後半は面白かった,Unit01
106,後半,こうはん,вторая половина,映画の前半は退屈だったが、後半は面白かった,Unit01
107,最高,さいこう,"самый лучший, самый высокий",最高気温,Unit01
108,最低,さいてい,самый низкий,最低気温,Unit01
109,最初,さいしょ,вначале,最初にひらがなを、次にカタカナを勉強した,Unit01
110,最後,さいご,самый последний,あとから来た人は列の最後に並んでください,Unit01
111,自動,じどう,самодвижущийся,このドアは自動だから、手で開けなくてもいい,Unit01
112,種類,しゅるい,"тип, сорт",公園には色々な種類の花がある,Unit01
113,性格,せいかく,характер,あの人は性格がいいので、みんなに好かれている,Unit01
114,性質,せいしつ,"характеристика, характер, натура",この布は燃えにくい性質を持っている,Unit01
115,順番,じゅんばん,"очередь, очередность",発表の順番を決める,Unit01
116,番,ばん,"порядок, номер, очередь",次は私の番だ,Unit01
117,方法,ほうほう,способ,いい方法を探す,Unit01
118,製品,せいひん,"готовая продукция, товары",完成した製品を検査する,Unit01
119,値上がり,ねあがり,повышение цены,食品の値上がり,Unit01
120,生,なま,"свежий, в сыром виде",生の魚,Unit01
121,渇く,かわく,хотеть пить (один глагол),喉が渇いた,Unit02
122,嗅ぐ,かぐ,"нюхать, обонять, чуять",匂いを嗅ぐ,Unit02
123,叩く,たたく,"бить, полотить; критиковать",子供のお尻を叩く,Unit02
124,殴る,なぐる,"ударять, бить, колотить",教師が生徒を殴って、問題になっている,Unit02
125,ける,ける,"пинать, бить ногой",ボールを蹴る,Unit02
126,抱く,だく,"обнимать, держать на руках",子供を両手でしっかりと抱く,Unit02
127,倒れる,たおれる,"падать, рушиться, терпеть крах, погибнуть",台風で木が倒れた,Unit02
128,倒す,たおす,"валить, опрокидывать, свергать, убить",花瓶を倒して割ってしまった,Unit02
129,起きる／起こる,おきる／おこる,"вставать, просыпаться; случаться, происходить",今日は八時に起きた<br>昨日教室でちょっとした事件が起こった,Unit02
130,起こす,おこす,"поднимать на ноги, будить, основывать",うちの子は朝起こしても、中々起きない,Unit02
131,尋ねる,たずねる,"спрашивать, разыскивать",交番で景観に市役所までの道を尋ねた,Unit02
132,呼ぶ,よぶ,"звать, вызывать, называть",名前を呼ばれたら、返事をしてください,Unit02
133,叫ぶ,さけぶ,кричать,大声で叫んだが、相手は気づかずに行ってしまった,Unit02
134,黙る,だまる,"молчать, промолчать",先生が質問したが、誰も答えないで黙っている,Unit02
135,飼う,かう,"кормить, выкармливать, содержать (животных)",何かペットを飼いたいと思っている,Unit02
136,数える,かぞえる,"считать, подсчитывать",数を数える,Unit02
137,乾く,かわく,"сохнуть, высыхать",風が強かったので、外に干した洗濯物はすぐに乾いた,Unit02
138,乾かす,かわかす,"сушить, просушивать",ドライヤーで濡れた髪を乾かした,Unit02
139,畳む,たたむ,"складывать (одеяло), закрывать, запирать",洗濯物を畳む,Unit02
140,誘う,さそう,"приглашать, звать",友達を誘って映画を見に行った,Unit02
141,おごる,おごる,"шиковать, платить за кого-то, угощать",昨日は後輩に焼き肉を奢った,Unit02
142,預かる,あずかる,"барть на время, принимать на хранение",旅行に行く友達から犬を預かることになった,Unit02
143,預ける,あずける,"давать на время, сдавать на хранение",銀行にお金を預けると、利子がつく,Unit02
144,決まる,きまる,"решаться, быть решенным",帰国の日が決まった,Unit02
145,決める,きめる,"решать, устанавливать, определять",進学か就職か、早く決めたほうがいいですよ,Unit02
146,写る,うつる,выходить (о снимке),このカメラは暗い所でも良く写る,Unit02
147,写す,うつす,"снимать копию, переписывать, фотографировать, изображать",写真を写す,Unit02
148,思い出す,おもいだす,вспоминать,毎年春になると、高校の入学式を思い出します,Unit02
149,教わる,おそわる,"учиться, обучаться",この料理の作り方は母から教わりました,Unit02
150,申し込む,もうしこむ,"подавать заявку, предлагать, заказывать, бронировать",パーティーに参加を申し込む,Unit02
151,断る,ことわる,"отклонять, отказывать, извиняться, просить разрешения",頼まれた仕事を断った,Unit02
152,見つかる,みつかる,быть обнаруженным,無くなったと思っていた指輪がソファーの下で見つかった,Unit02
153,見つける,みつける,"находить, обнаружить",無くなったと思っていた指輪をソファーの下で見つけた,Unit02
154,捕まる,つかまる,"быть схваченным, быть пойманным",犯人が警察に捕まった,Unit02
155,捕まえる,つかまえる,"схватить, поймать, арестовать",警察が泥棒を捕まえた,Unit02
156,乗る,のる,"садиться на транспортное средство, ехать на транспортном средстве",毎朝電車に乗って、学校に通っている,Unit02
157,乗せる,のせる,"сажать пассажиров, подвозить",子供を車に乗せて、学校まで送って行った,Unit02
158,降りる／下りる,おりる,"спускаться, сходить (вниз); сходить (с транспортного средства), выпадать (об осадках)",電車を降りる,Unit02
159,降ろす／下ろす,おろす,"опускать, снимать, сгружать; давать сойти, помочь выйти; опустить, спустить",あの銀行の前で降ろしてください,Unit02
160,直る,なおる,"быть исправленным, выздоравливать",壊れたパソコンが直った,Unit02
161,直す,なおす,"исправлять, чинить, приводить в порядок; излечивать",壊れた時計を直す,Unit02
162,治る,なおる,выздоравливать,中々頭痛が治らない,Unit02
163,治す,なおす,"лечить, излечивать",良く休んで、早く風邪を治してください,Unit02
164,亡くなる,なくなる,"скончаться, умереть",社長が九十歳で亡くなった,Unit02
165,亡くす,なくす,терять (кого-то близкого),彼は子供のとき、父親を亡くした,Unit02
166,生まれる,うまれる,родиться,先月子供が生まれた,Unit02
167,産む／生む,うむ,"рождать, рожать",妻が先日元気な女の子を産んだ,Unit02
168,出会う,であう,"встретиться случайно, столкнуться, ходить на свидания; гармонировать",駅で偶然大学時代の友人に出会った,Unit02
169,訪ねる,たずねる,"заходить, навещать, посещать",友人の家を訪ねた,Unit02
170,付き合う,つきあう,поддерживать знакомство,隣の家の人と親しく付き合っている,Unit02
171,効く,きく,быть эффективным,この薬は頭痛に良く効く,Unit02
172,はやる,はやる,быть в моде; свирепствовать (о болезни),この冬は赤い色が流行っている,Unit02
173,経つ,たつ,(время) идет,日本へ来てから、十年が経った,Unit02
174,間に合う,まにあう,"успевать вовремя; годиться, подходить",電車が遅れたが、駅から走って、何とか授業に間に合った,Unit02
175,間に合わせる,まにあわせる,"справиться с чем-либо, успеть, приготовить к сроку",レポートを、頑張って締め切りに間に合わせた,Unit02
176,通う,かよう,"ходить туда и обратно, курсировать, ходить (в школу, на работу)",学校に通う,Unit02
177,込む,こむ,быть переполненным (людьми),電車が込む,Unit02
178,すれ違う,すれちがう,"пройти мимо друг друга, разминуться",この道は狭いので、自動車がすれ違うのは大変だ,Unit02
179,掛かる,かかる,"висеть, прислоняться, зацепляться, требовать(ся) и т.п.",このサラダには何も掛かっていないようだ,Unit02
180,掛ける,かける,"вешать на что-либо, прислонять, накладывать и т.п.",料理に醤油を掛けて食べる,Unit02
181,動く,うごく,"двигаться, работать (о механизме)",写真を撮るから、動かないでください,Unit02
182,動かす,うごかす,"двигать, приводить в движение",酷い怪我をして、体を動かすこともできない,Unit02
183,離れる,はなれる,"отделяться, отходить, покидать, расставаться",危ないから、ストーブから離れて遊びなさい,Unit02
184,離す,はなす,"отделять, разделять, отпускать от себя",テストのときは机を離して並べる,Unit02
185,ぶつかる,ぶつかる,"налетать на кого-либо, натыкаться",道で自転車にぶつかって、怪我をした,Unit02
186,ぶつける,ぶつける,"швырять чем-либо в кого-либо, ударять, стукать обо что-либо",運転していて、車を電柱にぶつけてしまった,Unit02
187,こぼれる,こぼれる,"проливаться, переливаться через край, расплескиваться",手が震えて、お茶が零れてしまった,Unit02
188,こぼす,こぼす,"проливать, рассыпать, жаловаться, ныть",コップを倒して、水を零してしまった,Unit02
189,ふく,ふく,"вытирать, стирать (пыль, грязь)",汗を拭く,Unit02
190,片付く,かたづく,"быть прибранным, быть в порядке, быть улаженным",大掃除をして、やっと部屋が片付いた,Unit02
191,片付ける,かたづける,"приводить в порядок, прибирать",机の上を片付ける,Unit02
192,包む,つつむ,"обертывать, заворачивать, окутывать, скрывать",プレゼントをきれいな紙で包む,Unit02
193,張る,はる,"растягивать, натягивать, покрывать, оклеивать",壁にポスターを張る,Unit02
194,無くなる,なくなる,"пропадать, кончаться, иссякать",部屋の鍵が無くなってしまった,Unit02
195,無くす,なくす,уничтожать,パスポートを無くして、困っている,Unit02
196,足りる,たりる,"хватать, быть достаточным",この収入では生活するのに全然足りない,Unit02
197,残る,のこる,оставаться,料理を作りすぎて、たくさん残ってしまった,Unit02
198,残す,のこす,оставлять,ご飯を残してしまった,Unit02
199,腐る,くさる,"портиться, протухать",腐った物を食べて、お腹を壊してしまった,Unit02
200,むける,むける,"ободраться, облупиться",海で日焼けをして、背中の皮が剥けた,Unit02
201,むく,むく,"сдирать, обдирать, чистить, шелушить",果物の皮を剥く,Unit02
202,滑る,すべる,"скользить, кататься (на коньках), поскользнуться, быть скользким",新しいスケート場はきれいで、楽しく滑ることができた,Unit02
203,積もる,つもる,"нагромождаться, скапливаться; приблизительно оценивать",昨日降った雪が積もっている,Unit02
204,積む,つむ,"нагромождать, накапливать, грузить, копить, накапливать",机の上に本がたくさん積んである,Unit02
205,空く,あく,"быть пустым (свободным), иметь цель, закончиться, подойти к концу",靴下に穴が空いてしまった,Unit02
206,空ける,あける,"опорожнять, освобождать",壁に穴を空ける,Unit02
207,下がる,さがる,"свешиваться, свисать, падать, понижаться",熱が下る,Unit02
208,下げる,さげる,"спускать, понижать, снижать; вывешивать",熱を下げる,Unit02
209,冷える,ひえる,"охлаждаться, остывать, мёрзнуть, зябнуть",寒い所に長くいたので、手足が冷えてしまった,Unit02
210,冷やす,ひやす,"остужать, замораживать",この果物は冷やして、食べたほうが美味しい,Unit02
211,冷める,さめる,"остывать, охладевать",この料理は冷めると、美味しくない,Unit02
212,冷ます,さます,"остудить, охладить",お風呂のお湯が熱くなりすぎた、少し冷ましてから、入ろう,Unit02
213,燃える,もえる,"гореть, пылать",火が燃える,Unit02
214,燃やす,もやす,"зажигать, воспламенять",火を燃やす,Unit02
215,沸く,わく,"кипеть, закипать, буршить",湯が沸く,Unit02
216,沸かす,わかす,кипятить; будоражить,湯を沸かす,Unit02
217,鳴る,なる,"звучать, раздаваться, греметь",雷が鳴っている,Unit02
218,鳴らす,ならす,"вызывать звук при помощи чего-либо; раззвонить, разнести",ブザーを鳴らす,Unit02
219,役立つ／役に立つ,やくだつ／やくにたつ,"годиться, быть пригодным",インタネットの情報は勉強や仕事の役に立つ,Unit02
220,役立てる／役に立てる,やくだてる／やくにたてる,"приспособить, приладить, пустить в дело",インタネットの情報を勉強や仕事の役に立てる,Unit02
221,飾り,かざり,"украшение, убранство, орнамент",,Unit02
222,遊び,あそび,"игра, развлечение",,Unit02
223,集まり,あつまり,"собрание, сходка; сбор",,Unit02
224,教え,おしえ,"обучение, преподавание, учение, доктрина",,Unit02
225,踊り,おどり,танец,,Unit02
226,思い,おもい,мысль; ожидания; желания,あの人に私の思いが届いた,Unit02
227,考え,かんがえ,"мысль, идея, мнение, намерение",,Unit02
228,片づけ,かたづけ,"наведение порядка, уборка, завершение чего-либо",,Unit02
229,手伝い,てつだい,помощь,,Unit02
230,働き,はたらき,"работа, труд, функционирование,способности",,Unit02
231,決まり,きまり,"""Решено!""",,Unit02
232,騒ぎ,さわぎ,"шум, шумиха",,Unit02
233,知らせ,しらせ,"извещение, уведомление, предвести",,Unit02
234,頼み,たのみ,"просьба, надежда, опора",,Unit02
235,疲れ,つかれ,"усталость, утомление",,Unit02
236,違い,ちがい,"отличие, разница, расхождение, ошибка",,Unit02
237,始め,はじめ,начало,,Unit02
238,続き,つづき,продолжение,,Unit02
239,暮れ,くれ,"конец дня, сумерки, конец года или сезона",,Unit02
240,行き,いき,ходьба; езда,,Unit02
241,帰り,かえり,возвращение,,Unit02
242,急ぎ,いそぎ,спешка,,Unit02
243,遅れ,おくれ,"запаздывание, неудача, провал, робость, неуверенность",,Unit02
244,貸し,かし,"сдача в наём, прокат, ссуда",,Unit02
245,借り,かり,"взятие в долг, задолженность",,Unit02
246,勝ち,かち,победа,,Unit02
247,負け,まけ,"поражение, проигрыш",,Unit02
248,迎え,むかえ,"встеча, встречающий",,Unit02
249,始まり,はじまり,начало,,Unit02
250,終わり,おわり,конец,,Unit02
251,戻り,もどり,возвращение,,Unit02
252,別れ,わかれ,"отделение, ответвление, развилка, разлука",,Unit02
253,喜び,よろこび,"радость, поздравление",,Unit02
254,楽しみ,たのしみ,"удовольствие, развлечение; предвкушение",,Unit02
255,笑い,わらい,смех,,Unit02
256,驚き,おどろき,"изумление, испуг",,Unit02
257,怒り,いかり,"гнев, ярость",,Unit02
258,悲しみ,かなしみ,печаль,,Unit02
259,幸せな,しあわせな,"счастливый, удачливый",幸せな人生,Unit03
260,得意な,とくいな,хорошо разбирающийся,彼女はギターが得意だ,Unit03
261,苦手な,にがてな,"противный, неприятный",彼女はギターが苦手だ,Unit03
262,熱心な,ねっしんな,"ревностный, пылкий, горячий",熱心な仕事ぶりが認められて、昇進した,Unit03
263,夢中な,むちゅうな,"не помнящий себя, как во сне, потерявший голову",子供の頃、SF漫画に夢中になった,Unit03
264,退屈な,たいくつな,скучный,他の観客は笑いながら見ていたが、私には退屈な映画だった,Unit03
265,健康な,けんこうな,"бодрый, приподнятый",心も体も健康な子供を育てたい,Unit03
266,苦しい,くるしい,"тяжелый, мучительный, трудный",息が苦しい,Unit03
267,平気な,へいきな,"невозмутимый, равнодушный",彼女はどんなに悪口を言われても、平気な顔をしている,Unit03
268,悔しい,くやしい,"досадный, прискорбный, достойный сожаления",何度練習しても、上手くできなくて、悔しい,Unit03
269,うらやましい,うらやましい,завистливый,才能の豊かな人が羨ましい,Unit03
270,かゆい,かゆい,зудящий,蚊に刺されて、首が痒い,Unit03
271,おとなしい,おとなしい,спокойный (о характере),彼は大人しい人だ,Unit03
272,我慢強い,がまんづよい,терпеливый,我慢強い性格,Unit03
273,正直な,しょうじきな,"честный, правдивый, искренний",彼は正直な人だから、嘘を吐くことができない,Unit03
274,けちな,けちな,"скупой, жадный; захудалый, убогий",あの人はとてもけちだ,Unit03
275,我儘な,わがままな,своевольный,我が儘な人,Unit03
276,積極的な,せっきょくてきな,"положительный, позитивный",積極的な人,Unit03
277,消極的な,しょうきょくてきな,"негативный, пассивный",消極的な人,Unit03
278,満足な,まんぞくな,"удовлетворительный,достаточный,законченный",アルバイトだけでは満足な収入は得られない,Unit03
279,不満な,ふまんな,"недовольный, неудовлитворительный",この仕事に不満な点はない,Unit03
280,不安な,ふあんな,"тревожный, неуверенный, непрочный",最近、体の調子が良くない、悪い病気ではないかと不安だ,Unit03
281,大変な,たいへんな,ужасный,子育て中のお母さんは大変だ,Unit03
282,無理な,むりな,"невозможный, насильственный, необоснованный",たった百万円で家を建てるなんて、無理な話だ,Unit03
283,不注意な,ふちゅういな,"невнимательный, неосторожный",不注意な人,Unit03
284,楽な,らくな,"приятный, легкий",もう少し楽な暮らしがしたい,Unit03
285,面倒な,めんどうな,"обременительный, хлопотливый, утомительный",ご入会には面倒な手続きは要りません,Unit03
286,失礼な,しつれいな,"невежливый, грубый",挨拶しても返事もしない、なんて失礼な人だろう,Unit03
287,当然な,とうぜんな,"естественный, надлежащий",お金を借りたら、返すのが当然だ,Unit03
288,意外な,いがいな,"неожиданный, непредвиденный",事故を調査するうちに意外な事実が分かった,Unit03
289,結構な,けっこうな,"прекрасный, превосходный, великолепный",お味はいかがですか、大変結構です,Unit03
290,派手な,はでな,"яркий, броский, кричащий",派手な人,Unit03
291,地味な,じみな,"простой, скромный, умеренный",地味な人,Unit03
292,おしゃれな,おしゃれな,модный,彼女はとてもお洒落だ,Unit03
293,変な,へんな,странный,変なメールが届いたので、すぐに消した,Unit03
294,不思議な,ふしぎな,"чудесный, удивительный, загадочный",この村には不思議な話が伝わっている,Unit03
295,ましな,ましな,"лучший, более предпочтительный",咳が酷かったが、うがいをしたら、前より増しになった,Unit03
296,むだな,むだな,"пустой, напрасный",落ちると分かっているのに試験を受けるのは無駄なことだ,Unit03
297,自由な,じゆうな,свободный,赤ちゃんがいるので、自由な時間が殆どない,Unit03
298,不自由な,ふじゆうな,"неудобный, стеснительный",目が不自由な人,Unit03
299,暖まる／温まる,あたたまる,греться,,Unit03
300,暖める／温める,あたためる,"греть, подогревать",,Unit03
301,高まる,たかまる,повышаться,,Unit03
302,高める,たかめる,повышать,,Unit03
303,強まる,つよまる,"усиливаться, укрепляться",,Unit03
304,強める,つよめる,"усиливать, укреплять",,Unit03
305,弱まる,よわまる,"слабеть, ослабевать",,Unit03
306,弱める,よわめる,ослаблять,,Unit03
307,広まる,ひろまる,распространяться,,Unit03
308,広める,ひろめる,"расширять, распространять, оповещать;",,Unit03
309,深まる,ふかまる,углубляться,,Unit03
310,深める,ふかめる,углублять,,Unit03
311,世話,せわ,"услуга, помощь; забота, хлопоты",家ではペットの世話は私の仕事だ,Unit04
312,家庭,かてい,"семья, дом, домашний очаг",田中課長は仕事では厳しいが、家庭では優しいお父さんだそうだ,Unit04
313,協力,きょうりょく,"сотрудничество, взаимодействие",家族で協力して祖母の介護をした,Unit04
314,感謝,かんしゃ,"благодарность, признательность",アドバイスしてくれた先輩にとても感謝している,Unit04
315,（お）礼,れい,"поклон; приветствие, вежливость, учтивость; этикет;",お世話になった方にお礼をした,Unit04
316,（お）詫び,わび,извинение,迷惑をかけた人にお詫びをした,Unit04
317,お辞儀,おじぎ,поклон,お客様には丁寧にお辞儀をしましょう,Unit04
318,握手,あくしゅ,рукопожатие,コンサートで歌手と握手した,Unit04
319,いじわる,いじわる,"злой (упрямый, жестокий) человек;;~をする быть злым (упрямым, жестоким); дразнить [ся] , высмеивать кого-л.",好きな子にはつい意地悪してしまう,Unit04
320,いたずら,いたずら,"шалость, озорство, забава, развлечение",悪戯をして先生に怒られた,Unit04
321,節約,せつやく,экономия,生活費の節約,Unit04
322,経営,けいえい,"управление (предприятием, хозяйством, бизнесом), менеджмент",父はスーパーを経営している,Unit04
323,反省,はんせい,"самонаблюдение, самоанализ, обдумывание (сделанного, сказанного)",一日の反省を日記に書く,Unit04
324,実行,じっこう,"исполнение, реализация, осуществление [на практике]",この計画は実行が難しい,Unit04
325,進歩,しんぽ,прогресс,英語を勉強しているが、進歩がない,Unit04
326,変化,へんか,"перемена, изменение; трансформация, метаморфоза;",大きな変化,Unit04
327,発達,はったつ,"развитие, рост, прогресс",体や心が発達する,Unit04
328,体力,たいりょく,физическая сила,若者の体力が低下している,Unit04
329,出場,しゅつじょう,"выход (на сцену и т. п. ); выступление, участие",オリンピックへの出場が決まった,Unit04
330,活躍,かつやく,"[оживлённая] деятельность, активность",田中選手の活躍を期待する,Unit04
331,競争,きょうそう,"соревнование, состязания; соперничество, конкуренция",どちらがいい成績を取るか、友達と競争した,Unit04
332,応援,おうえん,"поддержка, помощь",自分の学校のチームを応援する,Unit04
333,拍手,はくしゅ,"аплодисменты, рукоплескания",ステージの歌手に拍手をする,Unit04
334,人気,にんき,"популярность, успех ;",彼はクラスで一番人気がある,Unit04
335,うわさ,うわさ,"слухи, толки, молва",クラスメートの噂をしていたら、そこに本人が現れた,Unit04
336,情報,じょうほう,информация ;,テレビから色々な情報を得る,Unit04
337,交換,こうかん,"обмен; размен, замена; замещение",プレゼントを交換する,Unit04
338,流行,りゅうこう,"мода, эпидемия;",新しい流行,Unit04
339,宣伝,せんでん,пропаганда; реклама,バーゲンセールの宣伝が始まった,Unit04
340,広告,こうこく,объявление; реклама; афиша,新聞に新製品の広告が載っていた,Unit04
341,注目,ちゅうもく,внимание; наблюдение,有名歌手の結婚が注目を集めている,Unit04
342,通訳,つうやく,[устный] перевод; переводчик,英語を日本語に通訳する,Unit04
343,翻訳,ほんやく,[письменный] перевод ;,日本語の小説を英語に翻訳する,Unit04
344,伝言,でんごん, [устное] сообщение,留守番電話に伝言を残す,Unit04
345,報告,ほうこく,"доклад, отчёт, сообщение, донесение, рапорт",出張の報告,Unit04
346,録画,ろくが,видеозапись; видеолента,テレビ番組をビデオに録画する,Unit04
347,混雑,こんざつ,"сутолока, суматоха, суета",デパートは大勢の人で混雑している,Unit04
348,渋滞,じゅうたい,задержка; застой; транспортная пробка,道路が渋滞していて、会議に遅刻した,Unit04
349,衝突,しょうとつ,"столкновение (напр. автомобилей); конфликт, ссора",電車の衝突の場面を見た,Unit04
350,被害,ひがい,"ущерб, потери, убытки",台風の被害,Unit04
351,事故,じこ,"происшествие, авария; несчастный случай; [непреодолимые] обстоятельства",事故の原因を調べる,Unit04
352,事件,じけん,"происшествие, событие, случай, инцидент; юр. дело",近所で子供が次々とい無くなるという事件があった,Unit04
353,故障,こしょう,"препятствие, помеха; авария",洗濯機が故障したので、コインランドリーへ行った,Unit04
354,修理,しゅうり,"ремонт, починка",パソコンが壊れたので、修理に出した,Unit04
355,停電,ていでん,отключение электричества (подачи электроэнергии),雷が落ちて停電した,Unit04
356,調子,ちょうし,"тон; интонация, муз. ритм; темп, манера ;",体の調子がいい,Unit04
357,緊張,きんちょう,"напряжение, напряжённость",面接では緊張して、上手く答えられなかった,Unit04
358,自信,じしん,уверенность [в себе];,体力に自信がある,Unit04
359,自慢,じまん,"самодовольство; хвастовство, гордость",自慢の料理を作る,Unit04
360,感心,かんしん,"восхищение, восторг",チンさんの進歩の速さに感心した,Unit04
361,感動,かんどう,"волнение, впечатление",パラリンピックを見て、とても感動した,Unit04
362,興奮,こうふん,возбуждение,試合を見ていた観客たちは、興奮して大声を出した,Unit04
363,感想,かんそう,впечатления,ご感想はいかがですか,Unit04
364,予想,よそう,"предположения, ожидания",選挙の結果を予想する,Unit04
365,専門,せんもん,специальность,専門は言語学です,Unit04
366,研究,けんきゅう,"исследования, научная работа",私は大学で日本の政治を研究している,Unit04
367,調査,ちょうさ,"исследование, обследование, изучение",調査を行う,Unit04
368,原因,げんいん,"причина; фактор; корень, источник",今警察が事故の原因を調べている,Unit04
369,結果,けっか,"результат, эффект, [по] следствие",一位になりたかったが、結果は三位だった,Unit04
370,解決,かいけつ,[раз] решение (вопроса и т. п.),大きな問題が解決した,Unit04
371,確認,かくにん,"подтверждение, признание",間違いがないかどうかを確認する,Unit04
372,利用,りよう,использование,水不足なので、水道の利用を減らした,Unit04
373,理解,りかい,понимание,意味の理解,Unit04
374,発見,はっけん,открытие,大きな発見,Unit04
375,発明,はつめい,изобретение;  одарённость,ベルは電話を発明した,Unit04
376,関係,かんけい,"отношение, касательство, связь, влияние",お二人の関係は、親子です,Unit04
377,団体,だんたい,"группа, коллектив; организация, объединение",博物館で団体のチケットを買う,Unit04
378,選挙,せんきょ,выборы,一月に選挙が行われる,Unit04
379,税金,ぜいきん,налог; пошлина; сбор,年度末に税金を払う,Unit04
380,責任,せきにん,ответственность,この失敗はあなたの責任ではない,Unit04
381,書類,しょるい,"документы, бумаги",留学の手続きに必要な書類を準備する,Unit04
382,題名,だいめい,"заглавие, название",コンクールに出す作品に題名を付ける,Unit04
383,条件,じょうけん,условие; условия,運転免許を持っていることが採用の条件だ,Unit04
384,締め切り,しめきり,"крайний срок, последний день (подачи заявок и т. п. );",レポートの締め切りは三十日です,Unit04
385,期間,きかん,"период, срок, отрезок времени",申し込み期間は十二月一日から三日までです,Unit04
386,倍,ばい,"удваивать; двойной, удвоенный",値段が倍になる,Unit04
387,くじ,くじ,жребий; лотерея,スーパーで買い物をして、くじを引いたら、テレビが当たった,Unit04
388,近道,ちかみち,кратчайший (прямой) путь,駅への近道を通る,Unit04
389,中心,ちゅうしん,"центр; середина; средоточие, равновесие",町の中心,Unit04
390,辺り,あたり,ближайшее окружение; окрестности,辺りを見回す,Unit04
391,周り,まわり,"окружность, круг, край, кромка, кайма",池の周りを歩く,Unit04
392,穴,あな,"отверстие, дыра; скважина; щель; трещина",地面に穴を掘る,Unit04
393,列,れつ,ряд; шеренга; колонна; вереница; очередь,入口の前には長い列ができていた,Unit04
394,幅,はば,"Ширина, влияние, вес (в идиомах)",道の幅が広い,Unit04
395,範囲,はんい,"сфера, область, круг; диапазон; пределы",試験の範囲,Unit04
396,内容,ないよう,"содержание, содержимое;",話の内容,Unit04
397,中身,なかみ,"содержимое, содержание; наполнитель;",箱を開けて中身を見る,Unit04
398,特徴,とくちょう,"отличительная (характерная) черта, особенность, своеобразие",商品の特徴を確かめる,Unit04
399,普通,ふつう,обычный; простой; нормальный,パスポートの申請には一週間ぐらいかかるのが普通だ,Unit04
400,当たり前,あたりまえ,"естественно, ничего удивительного, само собой разумеется",そんな酷いことをされたら、怒るのが当たり前だ,Unit04
401,偽,にせ,"подделка, фальшивка",偽の銀行員に騙されてお金を取られた,Unit04
402,別,べつ,"различие, разница, особо, отдельно, специально",米はご飯とは別の物だ,Unit04
403,国籍,こくせき,"гражданство, подданство",私はずっとアメリカで暮らしているが、国籍は日本だ,Unit04
404,東洋,とうよう,"Восток, страны Востока",東洋の文化と西洋の文化を比べる,Unit04
405,西洋,せいよう,"Запад, страны Запада",東洋の文化と西洋の文化を比べる,Unit04
406,国際,こくさい,"международный, интернациональный",日本企業の海外支社でのトラブルが国際問題に発展した,Unit04
407,自然,しぜん,природа,山や海へ行って、自然の中で過ごす,Unit04
408,景色,けしき,"вид, пейзаж",初めて日本の山に行った、素晴らしい景色だった,Unit04
409,宗教,しゅうきょう,религия,世界には色々な宗教がある,Unit04
410,愛,あい,любовь,私は家族を愛している,Unit04
411,届く,とどく,"доставать, достигать, доходить",父から手紙が届いた,Unit05
412,届ける,とどける,"доставлять, заявлять, докладывать",隣の家に旅行のお土産を届けた,Unit05
413,かく,かく,"чесать, сгребать, сидеть скрестив ноги, отрубать, потеть",頭を掻く,Unit05
414,つかむ,つかむ,"хватать, схватывать",電車で突然腕を掴まれて、びっくりした,Unit05
415,握る,にぎる,"брать (в руки), держать, захватывать, получать",子供は怖がって、母親の手を強く握った,Unit05
416,押さえる,おさえる,"надавить, прикрыть (руками)",あの人はお腹を押さえて、座っている、腹痛だろうか,Unit05
417,近づく,ちかづく,"приближаться, подходить",目的地が近づいてきた,Unit05
418,近づける,ちかづける,"придвигать, приближать, подпускать",車を道の脇に近づける,Unit05
419,合う,あう,"подходить (для чего-либо), совпадать, быть правильным",不図顔を上げると、先生と目が合ってしまった,Unit05
420,合わせる,あわせる,"(при)соединять, согласовывать, сличать, сопоставлять",皆で力を合わせて頑張りましょう,Unit05
421,当たる,あたる,"попадать (в цель), оказываться правильным, иметь успех, быть уместным",ボールが当たって、窓ガラスが割れた,Unit05
422,当てる,あてる,"накладывать, попадать (в цель), угадать, предназначать",相手選手のボールが早いので、ラケットに当てるのも大変だ,Unit05
423,比べる,くらべる,сравнивать,東京と大阪の面積を比べる,Unit05
424,似合う,にあう,быть подходящим,彼女は着物が良く似合う,Unit05
425,似る,にる,"быть похожим, походить",彼女は母親に良く似ている,Unit05
426,似せる,にせる,"копировать, подделывать",アイドルに髪型を似せる,Unit05
427,分かれる,わかれる,"разделять, отделять, расставаться",トイレは男性用と女性用に分かれている,Unit05
428,分ける,わける,"делить. Разъединять, сортировать",財産を三人の子供に分ける,Unit05
429,足す,たす,"добавлять, прибавлять",味が薄かったので、塩を足した,Unit05
430,引く,ひく,"тянуть, тащить, привлекать (внимание), проводить (линию)",このドアは押すのではなく、引いて開けるんです,Unit05
431,増える,ふえる,"увеличиваться, ;прибавляться",貯金が増える,Unit05
432,増やす,ふやす,"увеличивать, приумноать",貯金を増やす,Unit05
433,減る,へる,"уменьшаться, сокращаться, стираться",貯金が減る,Unit05
434,減らす,へらす,"уменьшать, сокращать, снижать",貯金を減らす,Unit05
435,変わる,かわる,"изменяться, отличаться<br><br>",季節が変わる,Unit05
436,変える,かえる,"менять, изменять",髪型を変える,Unit05
437,代わる／替わる／換わる,かわる,"заменять, замещать, приходить на смену",四月に店長が変わった,Unit05
438,代える／替える／換える,かえる,"менять (одно на другое), заменять",千円札を百円玉に変えてもらった,Unit05
439,返る,かえる,"возвращаться (к чему-либо), быть отданным обратно",友達に貸したお金が返ってきた,Unit05
440,返す,かえす,"возвращать, отдавать обратно",この本は二週間以内に図書館に返さなければならない,Unit05
441,譲る,ゆずる,"отдавать, передавать, уступать (права, место, дорогу)",電車の中で、お年寄りに席を譲った,Unit05
442,助かる,たすかる,спасаться,飛行機が落ちたが、三人が助かった,Unit05
443,助ける,たすける,спасать,川に落ちた子供を助けた,Unit05
444,いじめる,いじめる,"мучить, издеваться",弟を苛める,Unit05
445,だます,だます,"обманывать. Околдовывать, успокаивать",彼は独身だと騙して、五人の女性と付き合っていた,Unit05
446,盗む,ぬすむ,"красть, воровать",留守中に泥棒に入られて、お金を盗まれてしまった,Unit05
447,刺さる,ささる,"вонзиться, застрять",指に棘が刺さって、痛い,Unit05
448,刺す,さす,"вонзать, втыкать, жалить, шить",指に棘を刺してしまった,Unit05
449,殺す,ころす,убивать,ゴキブリをスリッパで叩いて、殺した,Unit05
450,隠れる,かくれる,"прятаться, скрываться<br><br>",逃げた犯人は空き家に隠れていた,Unit05
451,隠す,かくす,"прятать, скрывать",お金を引き出しの奥に隠した,Unit05
452,埋まる,うまる,"быть закрытым, быть заполненным",山が崩れて家が埋まってしまった,Unit05
453,埋める,うめる,"закапывать, хоронить, заполнять<br><br>",穴を掘って、ごみを埋めた,Unit05
454,囲む,かこむ,"окружать, осаждать",テーブルを囲んで、座る,Unit05
455,詰まる,つまる,"быть полным, набитым, стать короче",かばんにたくさん荷物が詰まっていて、重い,Unit05
456,詰める,つめる,"набивать, наполнять, сокращать",かばんに荷物を詰める,Unit05
457,開く,ひらく,"открывать, раскрывать, учреждать",ドアが開く,Unit05
458,閉じる,とじる,"закрывать, запирать",エレベーターのドアが閉じた,Unit05
459,飛ぶ,とぶ,"летать, нестись, прыгать",鳥が空を飛んでいる,Unit05
460,飛ばす,とばす,"пускать (по воздуху), бросать вверх, выпускать",紙飛行機を飛ばす,Unit05
461,振る,ふる,"махать, трясти, бросать, отвергать",手を振る,Unit05
462,めくる,めくる,"перелистывать, снимать, сдирать",カードを捲る,Unit05
463,見かける,みかける,"видеть, замечать",街で偶然、昔の友達を見かけた,Unit05
464,確かめる,たしかめる,"удостоверяться, уточнять",ファックスが届いたかどうか、相手に電話して確かめた,Unit05
465,試す,ためす,"испытывать, проверять",洋服が似合うかどうか、着て試してみた,Unit05
466,繰り返す,くりかえす,"повторять, делать снова",同じ失敗を繰り返してはいけません,Unit05
467,訳す,やくす,переводить,英語を日本語に訳す,Unit05
468,行う,おこなう,проводить (мероприятия),試験を行う,Unit05
469,間違う,まちがう,ошибаться,この計算は間違っている,Unit05
470,間違える,まちがえる,ошибаться,テストの答えを間違えた,Unit05
471,許す,ゆるす,"разрешать, позволять, прощать. Извинять",酷いことを言われて、喧嘩になったが、相手が謝ったので許してあげた,Unit05
472,慣れる,なれる,"привыкать, приучать, свыкаться",日本へ来て半年経って、生活にも慣れた,Unit05
473,慣らす,ならす,приучать,準備運動をして、体を慣らしてから、プールに入ったほうがいい,Unit05
474,立つ,たつ,"стоять, вставать, быть воздвигнутым",名前を呼ばれたら、立ってください,Unit05
475,立てる,たてる,"ставить, строить, воздвигать",屋根の上にアンテナを立てる,Unit05
476,建つ,たつ,"быть воздвигнутым, выситься, быть основанным",家の前に大きなマンションが建った,Unit05
477,建てる,たてる,"строить, воздвигать, основывать",都心に家を建てるのは大変だ,Unit05
478,育つ,そだつ,"расти, воспитываться",雨が多い年は、米が良く育つ,Unit05
479,育てる,そだてる,"воспитывать, растить",母は五人の子供を育てた,Unit05
480,生える,はえる,"расти (о растениях, зубах, ногтях, волосах)",髪が生える,Unit05
481,生やす,はやす,"отпускать, носить (бороду, усы)",髭を生やす,Unit05
482,汚れる,よごれる,пачкаться,空気の汚れた所には住みたくない,Unit05
483,汚す,よごす,пачкать,泥遊びをして、服を汚した,Unit05
484,壊れる,こわれる,"ломаться, разбиваться, разрушаться",家が壊れる,Unit05
485,壊す,こわす,"разрушать, ломать, разбивать (на части)",家を壊す,Unit05
486,割れる,われる,"ломаться, разбиваться, трескаться, разделяться",ガラスが割れる,Unit05
487,割る,わる,"делить, разделять, ломать, раскалывать",ガラスを割る,Unit05
488,折れる,おれる,"ломаться, складываться",強い風で枝が折れた,Unit05
489,折る,おる,"ломать, сгибать",スキーをして、足の骨を折った,Unit05
490,破れる,やぶれる,"разбиваться, рваться, ломаться",紙が破れる,Unit05
491,破る,やぶる,"разбивать, ломать, рвать",紙を破る,Unit05
492,曲がる,まがる,гнуться,曲がった道,Unit05
493,曲げる,まげる,"гнуть, сгибать, искривлять",針金を曲げる,Unit05
494,外れる,はずれる,"соскакиввать, соскальзывать, не попадать, не удаваться",ボタンが外れる,Unit05
495,外す,はずす,"отцеплять, разъединять, снимать, упускать",メガネを外す,Unit05
496,揺れる,ゆれる,"качаться, колебаться, дрожать",風で木の葉が揺れている,Unit05
497,揺らす,ゆらす,"трясти, качать, колебать",子供の乗ったブランコを揺らして遊ばせた,Unit05
498,流れる,ながれる,"течь, плыть (по течению)",町の中心を大きな川が流れている,Unit05
499,流す,ながす,пускать (по течению),汚れた水を川に流してはいけない,Unit05
500,濡れる,ぬれる,промокать,雨に濡れて風邪を引いた,Unit05
501,濡らす,ぬらす,мочить,水を零して、服を濡らしてしまった,Unit05
502,迷う,まよう,"сомневаться, заблуждаться",道に迷う,Unit05
503,悩む,なやむ,"страдать, мучиться",就職するか、進学するか、悩んでいる,Unit05
504,慌てる,あわてる,"волноваться, нервничать, суетиться",学校に遅れそうになって、慌てて家を出た,Unit05
505,覚める,さめる,"просыпаться, протрезвляться",昨夜は暑くて、夜中に何度も目が覚めた,Unit05
506,覚ます,さます,"просыпаться, отрезвлять",目を覚ますと、もう十時だった,Unit05
507,眠る,ねむる,"засыпать, спать",入試の前の日、緊張して良く眠れなかった,Unit05
508,祈る,いのる,молиться,家族の健康を神に祈った,Unit05
509,祝う,いわう,праздновать,新年を祝って、乾杯した,Unit05
510,感じる,かんじる,чувствовать,寒さを感じる,Unit05
511,クラスメート,クラスメート,одноклассник,,Unit06
512,グループ,グループ,группа,,Unit06
513,チーム,チーム,команда,,Unit06
514,プロフェッショナル／プロ,プロフェッショナル／プロ,профессионал,,Unit06
515,アマチュア,アマチュア,（アマ）,,Unit06
516,トレーニング,トレーニング,обучение,,Unit06
517,マッサージ,マッサージ,массаж,,Unit06
518,アドバイス,アドバイス,совет,,Unit06
519,アイデア／アイディア,アイデア／アイディア,идея,,Unit06
520,トップ,トップ,"рейтинг, топ",,Unit06
521,スピード,スピード,скорость,,Unit06
522,ラッシュ,ラッシュ,"суматоха, суета",,Unit06
523,バイク,バイク,мотоцикл,,Unit06
524,ヘルメット,ヘルメット,"шлем, каска",,Unit06
525,コンタクトレンズ／コンタクト,コンタクトレンズ／コンタクト,контактные линзы,,Unit06
526,ガラス,ガラス,стекло,,Unit06
527,プラスチック,プラスチック,"пластик, пластмасса",,Unit06
528,ベランダ,ベランダ,балкон,,Unit06
529,ペット,ペット,"питомец, домашнее животное",,Unit06
530,ベンチ,ベンチ,"скамейка, лавка",,Unit06
531,デザイン,デザイン,дизайн,,Unit06
532,バーゲンセール,バーゲンセール,дешевая распродажа,,Unit06
533,パート,パート,"часть, партия",,Unit06
534,コンビニエンスストア／コンビニ,コンビニエンスストア／コンビニ,небольшой магазин,,Unit06
535,レジ,レジ,"касса, кассир",,Unit06
536,レシート,レシート,квитанция,,Unit06
537,インスタント,インスタント,"быстрый, быстрого приготовления",,Unit06
538,ファストフード,ファストフード,фастфуд,,Unit06
539,フルーツ,フルーツ,фрукты,,Unit06
540,デザート,デザート,десерт,,Unit06
541,インターネット,インターネット,интернет,,Unit06
542,チャイム,チャイム,"перезвон, колокола, дверной звонок",,Unit06
543,アナウンス,アナウンス,диктор,,Unit06
544,メッセージ,メッセージ,сообщение,,Unit06
545,パンフレット,パンフレット,"буклет, брошюра, проспект",,Unit06
546,カード,カード,карточка,,Unit06
547,インタビュー,インタビュー,интервью,,Unit06
548,アンケート,アンケート,"анкета, опрос",,Unit06
549,データ,データ,"данные, информация",,Unit06
550,パーセント,パーセント,процент,,Unit06
551,濃い,こい,"густой, крепкий",色が濃い,Unit07
552,薄い,うすい,"тонкий, слабый, жидкий",薄い本,Unit07
553,酸っぱい,すっぱい,кислый,レモンは酸っぱい,Unit07
554,臭い,くさい,"зловонный, вонючий",納豆は臭いから、嫌いだという日本人も多い,Unit07
555,おかしい,おかしい,"смешной, странный, чудной",山本君は授業中にいつもおかしいことを言って、皆を笑わせる,Unit07
556,かっこいい,かっこいい,клевый,あの先輩はかっこいいので、人気がある,Unit07
557,うまい,うまい,умелый,母は料理がうまい,Unit07
558,親しい,したしい,"дружеский, близкий, задушевный",私は田中さんと親しい,Unit07
559,詳しい,くわしい,подробный,この地図はとても詳しい,Unit07
560,細かい,こまかい,"мелкий, тонкий, тщательный, скупой",新聞の字は細かくて、お年寄りには読みづらい,Unit07
561,浅い,あさい,"мелкий, поверхностный",この川は浅いので、子供が泳いでも危なくない,Unit07
562,固い／硬い,かたい,"твердый, крепкий, тугой",このパンはとても固い,Unit07
563,ぬるい,ぬるい,"остывший, холодный, снисходительный",温いコーヒーは美味しくない,Unit07
564,まぶしい,まぶしい,"ослепительный, очень яркий",カーテンを開けたら、太陽が眩しかった,Unit07
565,蒸し暑い,むしあつい,"душный, знойный",日本の夏は蒸し暑い,Unit07
566,清潔な,せいけつな,чистый,清潔な服を身につける,Unit07
567,新鮮な,しんせんな,"свежий, новый",新鮮な魚は美味しい,Unit07
568,豊かな,ゆたかな,"обильный, богатый",豊かな資源,Unit07
569,立派な,りっぱな,великолепный,立派な人,Unit07
570,正確な,せいかくな,"правильный, верный, точный, аккуратный",正確な数は分からないが、この観客は五千人ぐらいだろう,Unit07
571,確かな,たしかな,"достоверный, надежный, прочный",新聞は確かな事実だけを伝えなければならない,Unit07
572,重要な,じゅうような,"важный, серьезный",今日は午後から重要な会議がある,Unit07
573,必要な,ひつような,необходимый,子供に必要なのは、親の温かい愛情だ,Unit07
574,もったいない,もったいない,"расточительно, не бережно, не дело, не годится",流行遅れでも、まだ着られる服を捨てるのは勿体ない,Unit07
575,すごい,すごい,"крутой, круто",昨日の台風はすごかった,Unit07
576,ひどい,ひどい,"жестокий, ужасный, несправедливый",一人を大勢で苛めるとは酷い,Unit07
577,激しい,はげしい,"сильный, яростный",雨が激しい,Unit07
578,そっくりな,そっくりな,"нетронутый, как есть",兄は父に顔も声もそっくりだ,Unit07
579,急な,きゅうな,"срочный, внезапный",急に歯が痛みだした,Unit07
580,適当な,てきとうな,"подходящий, соответствующий",家庭教師を探しているが、適当な人が中々いない,Unit07
581,特別な,とくべつな,"особый, специальный, исключительный",彼女には音楽家としての特別な才能がある,Unit07
582,完全な,かんぜんな,"совершенный, полный, целый, целиком",土の中から古代の器が完全な形で出てきた,Unit07
583,盛んな,さかんな,"процветающий, успешный, сильный, энергичный",私の故郷は農業が盛んだ,Unit07
584,様々な,さまざまな,"всяческие, всевозможные",インタネットから様々な情報が得られる,Unit07
585,可能な,かのうな,возможный,科学が進歩して、今まで不可能だったことも可能になった,Unit07
586,不可能な,ふかのうな,невозможный,不可能な計画なら、始めから立てないほうがいい,Unit07
587,基本的な,きほんてきな,"основной, стандартный",パソコンの基本的な使い方はマニュアルに書いてある,Unit07
588,国際的な,こくさいてきな,"международный, мировой",東京で国際的なアニメフェスティバルが開かれた,Unit07
589,ばらばらな,ばらばらな,разрозненный,皆の意見がばらばらで、中々結論が出ない,Unit07
590,ぼろぼろな,ぼろぼろな,"оборванный, изодранный, ветхий",ぼろぼろな服,Unit07
591,非常に,ひじょうに,"чрезвычайно, необыкновенно, очень",これは非常に高価な物ですので、気をつけて運んでください,Unit08
592,大変（に）,たいへん（に）,ужасно,朝夕は電車が大変込むので、疲れる,Unit08
593,ほとんど,ほとんど,"почти, чуть не, почти все",準備は殆どできた,Unit08
594,大体,だいたい,"в общем, в целом, в основном, по сути",今日の試験は大体できた,Unit08
595,かなり,かなり,"довольно, изрядно, прилично",頭痛の薬を飲んだら、三十分ぐらいで可也良くなった,Unit08
596,ずいぶん,ずいぶん,"порядком, весьма и весьма",暫く会わない間に、チンさんは随分日本語が上手になっていた,Unit08
597,けっこう,けっこう,"прекрасный, превосходный, великолепный",日曜日なので、込んでいるかと思ったら、結構空いていた,Unit08
598,大分,だいぶ／だいぶん,"изрядно, немало, весьма",病気は大分良くなった,Unit08
599,もっと,もっと,"больше, более",リンゴよりイチゴのほうが好きだ、でもメロンはもっと好きだ,Unit08
600,しっかり,しっかり,"крепко, надежно",桜の花はもうすっかり散ってしまった,Unit08
601,一杯,いっぱい,полный,会場には子供たちが一杯いて、とても賑やかだった,Unit08
602,ぎりぎり,ぎりぎり,"на пределе, только-только, в обрез, с натягом",走れば、九時の電車にぎりぎり間に合うだろう,Unit08
603,ぴったり（と）,ぴったり（と）,"плотно, точно, идеально, как раз",七時ぴったりに目覚まし時計をセットした,Unit08
604,たいてい,たいてい,обычно,日曜日は大抵家にいます,Unit08
605,同時に,どうじに,"одновременно, синхронно",二人は同時にゴールした,Unit08
606,前もって,まえもって,заранее,もし欠席する場合は、前もってご連絡します,Unit08
607,すぐ（に）,すぐ（に）,"сразу же, сейчас же, скоро",チャイムを鳴らすと、すぐにドアが開いた,Unit08
608,もうすぐ,もうすぐ,"вскоре, скоро",日本へ来て、もうすぐ三年になる,Unit08
609,突然,とつぜん,"неожиданно, внезапно, вдруг",子供が突然飛び出してきたので、急ブレーキを掛けた,Unit08
610,あっという間（に）,あっというま（に）,в мгновение ока,子供の成長は早い、あっという間に、もう小学生だ,Unit08
611,いつの間にか,いつのまにか,"незаметно, мгновенно, не успеешь оглянуться",いつの間にか、外は暗くなっていた,Unit08
612,しばらく,しばらく,"некоторое время, немного",ただ今窓口が込んでいますので、もう暫くお待ちください,Unit08
613,ずっと,ずっと,"все время, гораздо (более), далеко",バスよりも地下鉄で行くほうがずっと速い,Unit08
614,相変わらず,あいかわらず,без изменений,あの女優は年を取った今も相変わらずきれいだ,Unit08
615,次々に／と,つぎつぎに／と,"друг за другом, один за другим",新しいタイプのインスタント食品が次々に発売されている,Unit08
616,どんどん,どんどん,"стучать. барабанить, быстро, скоро, много",今日は体調も良く、仕事がどんどん進んだ,Unit08
617,ますます,ますます,все более и более,朝から降っていた雨は、午後になると益々強くなった,Unit08
618,やっと,やっと,"наконец-то, еле-еле, кое-как, с трудом",三十分も待って、やっとバスが来た,Unit08
619,とうとう,とうとう,"в конце концов, наконец",長い間使っていた洗濯機が到頭壊れてしまった,Unit08
620,ついに,ついに,"наконец, в конце концов",若い頃の夢を遂に実現することができた,Unit08
621,もちろん,もちろん,конечно,マンションを買った、勿論、ローンでだ,Unit08
622,やはり,やはり,"все-таки, все равно, также, тоже",矢張りAチームが勝った、予想通りだった,Unit08
623,きっと,きっと,"непременно, обязательно, наверняка",田中さんはいつも遅刻するから、今日もきっと遅れてくるだろう,Unit08
624,ぜひ,ぜひ,"непременно, обязательно",若いときに、是非留学したいと思っている,Unit08
625,なるべく,なるべく,"по возможности, насколько возможно",成るべく辞書を見ないで、この本を読んでみてください,Unit08
626,案外,あんがい,"неожиданно, вопреки предположениям",今日は曇っているが、案外暖かい,Unit08
627,もしかすると／もしかしたら／もしかして,もしかすると／もしかしたら／もしかして,"вдруг, возможно",体調が悪いので、もしかすると、明日休むかもしれません,Unit08
628,まさか,まさか,не может быть,あの二人、離婚するそうだよ、真逆あんなに仲が良くかったのに,Unit08
629,うっかり,うっかり,"рассеянно, невнимательно",うっかりして、砂糖と塩を間違えて入れてしまった,Unit08
630,つい,つい,"невольно, нечаянно",禁煙しようと思うのだが、食事の後などについ吸ってしまう,Unit08
631,思わず,おもわず,"невольно, невзначай",夜道で急に肩を叩かれ、思わずワーッと叫んでしまった,Unit08
632,ほっと,ほっと,глубоко (вздохнуть) облегченно,試験が終わってほっとした,Unit08
633,いらいら,いらいら,"раздраженно, нервно",急いでいるのに、バスが中々来なくて、いらいらした,Unit08
634,のんびり,のんびり,"беззаботно, расслабленно, лениво, неторопливо",半年ほどとても忙しかった、温泉へでも行ってのんびりしたい,Unit08
635,実は,じつは,по правде,昨日言ったことは、実は嘘なんです,Unit08
636,読書,どくしょ,чтение,趣味は読書だ,Unit09
637,演奏,えんそう,музыкальное исполнение,楽器を演奏する,Unit09
638,芸術,げいじゅつ,искусство,美術、音楽、文学、演劇などは、みな、芸術の一種であると言える,Unit09
639,検査,けんさ,"проверка, осмотр",胃の検査,Unit09
640,血液,けつえき,кровь,体の中を血液が流れている,Unit09
641,治療,ちりょう,лечение,病気を治療した,Unit09
642,症状,しょうじょう,"симптомы, состояние (больного)",風邪の症状は熱、咳、鼻水などだ,Unit09
643,予防,よぼう,"предупреждение, предотвращение, профилактика",風邪の予防,Unit09
644,栄養,えいよう,"питание, питательность",栄養の、ある食べ物,Unit09
645,手術,しゅじゅつ,хирургическая операция,胃の手術をした,Unit09
646,死亡,しぼう,"смерть, кончина",死亡の原因を調べる,Unit09
647,命,いのち,жизнь,命は大切にしなければならない,Unit09
648,一生,いっしょう,вся жизнь,ピカソの一生を調べる,Unit09
649,誤解,ごかい,"заблуждение, ошибка, недоразумение",誤解がないようにするには、良く話し合うことが大切だ,Unit09
650,後悔,こうかい,"раскаяние, сожаление",私は若い頃に勉強しなかったことを、とても後悔している,Unit09
651,訳,わけ,"смысл, значение, суть, причина",遅刻した訳を話す,Unit09
652,態度,たいど,"отношение, позиция, поведение",あの学生は授業中の態度が悪い,Unit09
653,癖,くせ,"привычка, манера, манерность",私の癖は困ったとき、頭を掻くことだ,Unit09
654,礼儀,れいぎ,"манеры, приличия, этикет",目上の人への礼儀,Unit09
655,文句,もんく,"слова, выражение, фраза, жалобы",給料に文句がある,Unit09
656,表情,ひょうじょう,выражение (лица),顔の表情,Unit09
657,表面,ひょうめん,"лицевая сторона. поверхность, наружность",水の表面,Unit09
658,禁煙,きんえん,запрет курения,この部屋は禁煙です,Unit09
659,禁止,きんし,"запрещение, запрет",美術館の中では、写真を撮ることは禁止されている,Unit09
660,完成,かんせい,"завершение, окончание",建物が完成した,Unit09
661,課題,かだい,"тема, проблема, задача, вопрос, урок",現在の日本には、高齢か、ごみ問題など、多くの課題がある,Unit09
662,例外,れいがい,исключение (из правил),どんな規則にも例外がある,Unit09
663,基本,きほん,"основа, база, фундамент, стандарт",何の練習でも、基本が大切だ,Unit09
664,記録,きろく,"запись, реестр, протокол",先週の会議の記録を読んだ,Unit09
665,状態,じょうたい,"состояние, положение, условия",あの会社は、今経営の状態が良くない,Unit09
666,出来事,できごと,"происшествие, событие, инцидент",大きな出来事,Unit09
667,場面,ばめん,"сцена, место действия, состояние биржи",目の前でトラックとバスが衝突した、その場面が夢に出てきた,Unit09
668,機会,きかい,"благоприятный случай, удобный момент",彼女と二人で話したいのだが、中々機会がない,Unit09
669,距離,きょり,"расстояние, дистанция, интервал",駅からの距離を測る,Unit09
670,提案,ていあん,"предложение, проект",会議で提案をする,Unit09
671,やり取り,やりとり,обмен,友達とメールをやり取りする,Unit09
672,知識,ちしき,"знание, информация",本を読んで、知識を身につける,Unit09
673,実力,じつりょく,"реальная сила, способности",試合で実力を出す,Unit09
674,手段,しゅだん,"средство, мера",問題を解決するために、必要な手段を取る,Unit09
675,代表,だいひょう,"представительство, представитель, делегат",クラスの代表として、会議に参加する,Unit09
676,影響,えいきょう,влияние. воздействие,両親の影響で、私も子供の頃から絵を書き始めた,Unit09
677,効果,こうか,"эффект, действие, результат",この薬を飲んだら、すぐに効果が出た,Unit09
678,印象,いんしょう,впечатление,彼女と初めて会ったとき、優しそうな人だという印象を受けた,Unit09
679,印,しるし,"знак, метка, символ",地図の目的地に印を付ける,Unit09
680,合図,あいず,"сигнал, знак",友達に目で合図する,Unit09
681,共通,きょうつう,общий,二人の共通の趣味は音楽だ,Unit09
682,強調,きょうちょう,"подчеркивание, акцентрирование",大事な点を強調して、説明する,Unit09
683,省略,しょうりゃく,"сокращение, купюра, пропуск",詳しい説明を省略して、簡単に話す,Unit09
684,挑戦,ちょうせん,вызов (на поединок),難しい課題に挑戦する,Unit09
685,やる気,やるき,мотивация,やる気のある人,Unit09
686,勇気,ゆうき,"мужество, смелость, храбрость, доблесть",困難に立ち向かう勇気,Unit09
687,資格,しかく,"квалификация, способности, данные",弁護士の資格を取る,Unit09
688,申請,しんせい,"прошение, ходатайство",パスポートの申請,Unit09
689,本人,ほんにん,"лицо. о котором идет речи, сам (лично)",通帳は貯金をする本人が作らなければならない,Unit09
690,契約,けいやく,"договор, соглашение, контракт",アパートを二年間借りる契約をした,Unit09
691,証明,しょうめい,"доказательство, подтверждение, свидетельство",銀行口座を開くときには、身分を証明する物が必要だ,Unit09
692,変更,へんこう,перемена. изменение,予定の変更を行う,Unit09
693,保存,ほぞん,"сохранение, сохранность",食料の保存,Unit09
694,保護,ほご,"защита, охрана, сохранение, покровительство",自然を保護する,Unit09
695,環境,かんきょう,"окружающая среда, окружение",都心より、環境のいい郊外に住みたい,Unit09
696,資源,しげん,ресурсы,資源を有効に利用する,Unit09
697,不足,ふそく,"недостаток, нехватка, дефицит",野菜が不足した食事,Unit09
698,平均,へいきん,"среднее (число), равновесие, баланс",テストの点を平均する,Unit09
699,割合,わりあい,"соотношение, пропорция",デパートの客は女性の割合が高い,Unit09
700,商売,しょうばい,"торговля, бизнес",父は衣料品の商売をしている,Unit09
701,商品,しょうひん,товары,店に商品を並べる,Unit09
702,質,しつ,"качество, характер",このメーカーの製品は質がいい,Unit09
703,型,かた,"тип, модель. форма, фасоны",新しい型のパソコンを買った,Unit09
704,生産,せいさん,производство,日本は農作物の生産が少ない,Unit09
705,消費,しょうひ,"расходование, потребление",牛乳の消費が減っている,Unit09
706,物価,ぶっか,цены (на потребительские товары),東京は物価が高い,Unit09
707,倒産,とうさん,банкротство,会社が倒産する,Unit09
708,携帯,けいたい,"носить при себе, брать с собой",外国人はいつも外国人登録証を携帯していなければならない,Unit09
709,現代,げんだい,современность,現代は情報の時代だと言われている,Unit09
710,世紀,せいき,"век, столетие",二十一世紀が始まった,Unit09
711,文化,ぶんか,культура,日本の文化,Unit09
712,都市,とし,город,都市に人口が集中する,Unit09
713,地方,ちほう,район,雨が多い地方では植物が良く育つ,Unit09
714,戦争,せんそう,война,A国とB国の間で戦争が起きた,Unit09
715,平和,へいわ,"мир, спокойствие",世界の平和を守る,Unit09
716,上る,のぼる,"подниматься, взбираться",階段を上る,Unit10
717,下る,くだる,"спускаться, сходить (вниз)",坂を下る,Unit10
718,進む,すすむ,"двигаться вперед, продвигаться. развиваться",出口に向かって進む,Unit10
719,進める,すすめる,продвигать,もう少し車を前に進めてください,Unit10
720,通る,とおる,"проходить, проезжать",この道は車がたくさん通る,Unit10
721,通す,とおす,"давать пройти, пропускать",カーテンを通して、光が部屋の中に入ってくる,Unit10
722,超える／越える,こえる,"превышать, превосходить, переходить",この山を越えると隣の県だ,Unit10
723,過ぎる,すぎる,"проходить, миновать, превышать, превосходить",列車は広島駅を過ぎた,Unit10
724,過ごす,すごす,"проводить (время), превышать",大学時代を東京で過ごした,Unit10
725,移る,うつる,"переезжать, перебираться, быть заразным",黒板の字が見えにくかったので、前の席に移った,Unit10
726,移す,うつす,"перемещать, переносить, заражать",本社を大阪から東京に移した,Unit10
727,連れる,つれる,брать с собой (кого-либо),子供を動物園へ連れていった,Unit10
728,寄る,よる,"приближаться, подходить, собираться, встречаться",窓の側に寄って、外を見た,Unit10
729,寄せる,よせる,"приближать, подпускать. собираться, отправлять",地震のときは車を道の左側に寄せて、止めなければならない,Unit10
730,与える,あたえる,"давать, предоставлять, присуждать",成績の良い学生に奨学金を与える,Unit10
731,得る,える,"получать, завоевывать, мочь, быть в состоянии",収入を得る,Unit10
732,向く,むく,"быть обращенным, поворачиваться",私の部屋は、東南を(に)向いている,Unit10
733,向ける,むける,"поворачивать, обращать, посылать, направлять",顔を右に向ける,Unit10
734,勧める,すすめる,"советовать, рекомендовать, предлагать",ダイエットしている友人に、一緒にウォーキングをしようと勧めた,Unit10
735,薦める,すすめる,рекомендовать,先生に薦められた本を買った,Unit10
736,任せる,まかせる,"поручать, вверять, доверять",責任の重い仕事を新人に任せてみた,Unit10
737,守る,まもる,"защищать, охранять, соблюдать",法律を守る,Unit10
738,争う,あらそう,"спорить, бороться, ссориться",あの兄弟はいつも小さなことで争っている,Unit10
739,望む,のぞむ,"желать, надеяться",卒業後は、教師になることを望んでいる,Unit10
740,信じる,しんじる,"верить, доверять. быть уверенным",昨日、幽霊を見たよ、嘘、信じられない,Unit10
741,通じる,つうじる,"передавать, пересылать, вести куда-либо, быть понятным",日本に来たとき、私の日本語が通じるかどうか心配だった,Unit10
742,飽きる,あきる,"пресыщаться, терять интерес, надоедать",好きな物でも、毎日食べると、飽きてしまう,Unit10
743,思いつく,おもいつく,"надумать, придумать, осениться идеей",アイディアを思いつく,Unit10
744,思いやる,おもいやる,думать о ком-то. заботиться,父親の言葉は厳しかったが、その言葉には子供を思いやる気持ちが表れていた,Unit10
745,熱中する,ねっちゅうする,"посвятить себя чему-либо, быть поглощенным чем-либо",母は今カラオケに熱中している,Unit10
746,暮らす,くらす,"жить, существовать, зарабатывать на жизнь",都会で暮らすのは便利だが、お金がかかる,Unit10
747,巻く,まく,"скатывать, свертывать, наматывать",マフラーを首に巻く,Unit10
748,結ぶ,むすぶ,"связывать, завязывать, заключать (договор)",靴の紐を結ぶ,Unit10
749,済む,すむ,"окончиться, обойтись, уладиться",仕事が済んだら、すぐ帰る,Unit10
750,済ませる／済ます,すませる／すます,"заканчивать, уплачивать (долги)",お金の支払いを済ませる,Unit10
751,出来る,できる,"уметь, мочь",駅前に新しいスーパーができた,Unit10
752,切れる,きれる,"хорошо резать, быть острым, быть порезанным",このはさみは良く切れる,Unit10
753,切らす,きらす,истощать запас чего-л.,うっかりしていて、砂糖を切らしてしまった,Unit10
754,伝わる,つたわる,"передаваться, распространяться, двигаться вдоль чего-либо",彼が結婚するという噂が伝わってきた,Unit10
755,伝える,つたえる,"передавать, сообщать, распространять",電話で用事を伝える,Unit10
756,続く,つづく,"продолжаться, тянуться, длиться, следовать за чем-либо",雨の日が続く,Unit10
757,続ける,つづける,продолжать,もう三時間も会議を続けている,Unit10
758,つながる,つながる,"быть привязанным, быть прикрепленным",本州と四国は橋で繋がっている,Unit10
759,つなぐ,つなぐ,"привязывать, связывать, соединять",この橋は本州と四国を繋いでいる,Unit10
760,つなげる,つなげる,"привязывать, связывать, соединять",このチャンスを是非成功に繋げたい,Unit10
761,伸びる,のびる,"растягиваться. удлиняться, тянуться. расти",背が伸びる,Unit10
762,伸ばす,のばす,"растягивать, удлинять, растить",髪を伸ばす,Unit10
763,延びる,のびる,"простираться, тянуться",レポートの締め切りが延びて、良かった,Unit10
764,延ばす,のばす,продлевать,チケットが取れなかったので、帰国の日を延ばした,Unit10
765,重なる,かさなる,"лежать один на другом, накопляться, идти чередой",印刷したら、紙が二枚重なって出てきた,Unit10
766,重ねる,かさねる,"складывать одно на другое, повторять, носить одно поверх другого",皿を重ねて、置いておく,Unit10
767,広がる,ひろがる,"шириться, распространяться",道幅が広がって、歩きやすくなった,Unit10
768,広げる,ひろげる,"расширять, распространять",お客さんが増えているので、もっと店を広げたい,Unit10
769,載る,のる,"лежать на чем-либо, быть погруженным",この荷物は大きすぎて、私の車には載らないだろう,Unit10
770,載せる,のせる,"класть, ставить. грузить",棚に荷物を載せる,Unit10
771,そろう,そろう,"быть полным, быть в полном составе, гармонировать",全員が揃ったら、出発しましょう,Unit10
772,そろえる,そろえる,"подбирать (комплект), расставлять по порядку",マージャンをするため、メンバーを揃えた,Unit10
773,まとまる,まとまる,"уладиться, разрешиться, быть собранным, быть в согласии",三時間話し合って、やっとクラスの意見が纏まった,Unit10
774,まとめる,まとめる,"улаживаться, разрешать, собирать",引っ越しの前に、要らなくなった物を纏めて、捨てた,Unit10
775,付く,つく,быть прикрепленным. прилипать. прилагаться,怪我をして、シャツに血が付いた,Unit10
776,付ける,つける,"прикреплять, накладывать, присоединять",パンにジャムを付ける,Unit10
777,たまる,たまる,"скапливаться, собираться",お金が溜まる,Unit10
778,ためる,ためる,"наваливать. собирать в кучу, коллекционировать, копить",お金を溜める,Unit10
779,交じる／混じる,まじる,"быть смешанным, присоединиться",女の子が男の子に混じって、サッカーをしている,Unit10
780,交ざる／混ざる,まざる,"быть смешанным, смешаться",男女が混ざってサッカーをした,Unit10
781,交ぜる／混ぜる,まぜる,"смешивать, включать",お米に豆を混ぜて炊いた,Unit10
782,解ける／溶ける,とける,"растворяться, таять, плавиться",三時間かかって、やっと問題が解けた,Unit10
783,解く／溶く／溶かす,とく／とかす,"растворять, разбалтывать",数学の問題を解く,Unit10
784,含む,ふくむ,"содержать, заключать в себе",レモンはビタミンCを多く含んでいる,Unit10
785,含める,ふくめる,"включать, растолковывать",家の家族は私を含めて五人です,Unit10
786,抜ける,ぬける,"выпадать. вынимать, проходить, покидать",髪の毛が抜ける,Unit10
787,抜く,ぬく,"вытаскивать, выдергивать. удалять",虫歯を抜く,Unit10
788,現れる,あらわれる,"проявляться, выявляться, обнаруживаться",犯人は金を取りに現れたところを逮捕された,Unit10
789,現す,あらわす,"проявлять, обнаруживать, выражать",雲が無くなって、富士山が姿を現した,Unit10
790,表れる,あらわれる,"выражаться, быть выраженным",彼の顔には合格した喜びが表れていた,Unit10
791,表す,あらわす,выражать,気持ちを言葉で表す,Unit10
792,散る,ちる,"рассыпаться, рассеиваться, осыпаться",風で桜が散ってしまった,Unit10
793,散らす,ちらす,"разбрасывать, рассыпать, рассеивать",風が桜を散らしてしまった,Unit10
794,明ける,あける,"светать, рассветать, начинаться (о новом годе)",夜が明ける,Unit10
795,差す,さす,"падать (о свете), прибывать (о воде). проступать, раскрывать зонт, протягивать руку",雨が止んで、日が差してきた,Unit10
796,パートナー,パートナー,партнер,,Unit11
797,リーダー,リーダー,лидер,,Unit11
798,ボランティア,ボランティア,волонтер,,Unit11
799,コミュニケーション,コミュニケーション,коммуникация,,Unit11
800,ユーモア,ユーモア,юмор,,Unit11
801,ショック,ショック,шок,,Unit11
802,ストレス,ストレス,стресс,,Unit11
803,バランス,バランス,баланс,,Unit11
804,レベル,レベル,уровень,,Unit11
805,アップ,アップ,вверх,,Unit11
806,ダウン,ダウン,низ,,Unit11
807,プラス,プラス,плюс,,Unit11
808,マイナス,マイナス,минус,,Unit11
809,イメージ,イメージ,"имидж, воображение",,Unit11
810,コンテスト,コンテスト,"конкурс, состязание",,Unit11
811,マスコミ,マスコミ,масс-медиа,,Unit11
812,プライバシー,プライバシー,"частная жизнь, частное дело",,Unit11
813,オフィス,オフィス,офис,,Unit11
814,ルール,ルール,правило,,Unit11
815,マナー,マナー,манеры,,Unit11
816,ミス,ミス,ошибка,,Unit11
817,スケジュール,スケジュール,"расписание, план. график",,Unit11
818,タイトル,タイトル,"подзаголовок, субтитры",,Unit11
819,テーマ,テーマ,тема,,Unit11
820,ストーリー,ストーリー,"история, рассказ",,Unit11
821,ヒット,ヒット,хит,,Unit11
822,ブランド,ブランド,брэнд,,Unit11
823,レンタル,レンタル,арендуемый,,Unit11
824,リサイクル,リサイクル,переработка,,Unit11
825,ラベル,ラベル,"ярлык, этикетка, метка",,Unit11
826,タイプ,タイプ,"тип, сорт",,Unit11
827,スタイル,スタイル,стиль,,Unit11
828,セット,セット,"набор, комплект",,Unit11
829,ウイルス,ウイルス,вирус,,Unit11
830,ロボット,ロボット,робот,,Unit11
831,エネルギー,エネルギー,энергия,,Unit11
832,デジタル,デジタル,цифровой,,Unit11
833,マイク,マイク,микрофон,,Unit11
834,ブレーキ,ブレーキ,тормоз,,Unit11
835,ペンキ,ペンキ,малярная краска,,Unit11
836,炊ける,たける,быть приготовленным,ごはんがかけた,Unit11
837,炊く,たく,"готовить (еду), варить",ごはんをたく,Unit11
838,煮える,にえる,"вариться, быть сваренным",,Unit11
839,煮る,にる,варить,,Unit11
840,炒める,いためる,жарить,,Unit11
841,焼ける,やける,"жариться, печься, гореть",よく焼けていない豚肉は食べないほうがいい,Unit11
842,焼く,やく,"жечь, жарить, печь",フライパンでオムレツを焼く,Unit11
843,ゆでる,ゆでる,варить,厚い湯で卵をゆでる,Unit11
844,揚げる,あげる,обжариваться во фритюре,油揚天ぷらをあげる,Unit11
845,蒸す,むす,"варить на пару, тушить",雪をわかして、その湯気でギョーザをむす,Unit11
846,ぐっすり,ぐっすり,крепко (спать),子供はぐっすり眠っていて、起こしても中々起きなかった,Unit12
847,きちんと,きちんと,"аккуратно, чисто, точно",背中を真っ直ぐにして、きちんと座りなさい,Unit12
848,しっかり,しっかり,"крепко, надежно",まず基礎をしっかりと身につけることが大切だ,Unit12
849,はっきり,はっきり,"ясно, отчетливо",富士山がはっきり見える,Unit12
850,じっと,じっと,"спокойно, тихо, терпеливо, пристально. глубоко",じっと見る,Unit12
851,そっと,そっと,"легонько, тихонько, тайком, украдкой, как есть, не трогая",寝ている人を起こさないように、そっと部屋を出た,Unit12
852,別々に,べつべつに,"врозь, отдельно",チョコレートとクッキーは別々に包んでください,Unit12
853,それぞれ,それぞれ,каждый в отдельности,皆は其れ其れ意見を言った,Unit12
854,互いに,たがいに,"взаимно, обоюдно. друг друга",彼らは互いに励まし合って練習した,Unit12
855,直接,ちょくせつ,"прямо, непосредственно, лично",新聞記者は関係者から直接話しを聞く必要がある,Unit12
856,本当に,ほんとうに,"в правду, на самом деле",優勝できて、本当に嬉しい,Unit12
857,必ず,かならず,непременно. обязательно,この書類は明日必ず出してください,Unit12
858,絶対に,ぜったいに,"абсолютно. категорически, безусловно",今年は絶対に合格するつもりだ,Unit12
859,特に,とくに,"в особенности, в частности",果物は何でも好きですが、特にメロンが好きです,Unit12
860,ただ,ただ,"только, просто, лишь",子供は何を聞いても、ただ泣いているだけだった,Unit12
861,少なくとも,すくなくとも,по меньшей мере,個々から駅まで歩いたら、少なくとも三十分はかかるだろう,Unit12
862,決して,けっして,ни в коем случае. отнюдь,このことは決して他の人には言わないつもりだ,Unit12
863,少しも,すこしも,"с отриц. нисколько, совсем, ничуть, совершенно;",毎日運動しているのに、少しも体重が減らない,Unit12
864,ちっとも,ちっとも,"нисколько, совсем не",あの二人、付き合っているらしいよ、へえ、ちっとも知らなかった,Unit12
865,全く,まったく,"совершенно, абсолютно, целиком, в самом деле",タンさんが帰国したことを、私は全く知らなかった,Unit12
866,とても,とても,очень,このレポートはとても良く書けている,Unit12
867,どんなに,どんなに,"как, насколько",どうして連絡してくれなかったの、どんなに心配したか、分かる,Unit12
868,どうしても,どうしても,"во чтобы то ни стало, ни в коем случае, неизбежно",このレポートはどうしても明日までに完成させなければならない,Unit12
869,まるで,まるで,"совершенно, совсем",まだ五月なのに、まるで真夏のように、暑い,Unit12
870,一体,いったい,"вообще-то, на самом деле",あの人は一体何をしているのだろう,Unit12
871,別に,べつに,особо. отдельно. специально,別に用はなかったが、声が聞きたくなって、母に電話した,Unit12
872,たった,たった,только. не более,五千人の会場に、たった(の)百人しかお客さんが来なかった,Unit12
873,ほんの,ほんの,"только, всего лишь",個々から、隣町まで、バスで本の五分しかかからない,Unit12
874,それで,それで,"и поэтому, так что",今朝駅で事故があった、それで、二三時間電車が遅れた,Unit12
875,そこで,そこで,и…,新しいパソコンが必要になった、そこで、銀行から、貯金を少し下ろすことにした,Unit12
876,そのうえ,そのうえ,"вдобавок, в придачу, к тому же",彼女は優秀な研究者だ、そのうえ、性格もいいので、皆から尊敬されている,Unit12
877,また,また,"тоже, также, и",彼は銀行員で、また、有名な作家でもある,Unit12
878,または,または,или же,この書類は黒又は青のペンで書くこと,Unit12
879,それとも,それとも,или (же),コーヒーにしますか、それとも紅茶にしますか,Unit12
880,つまり,つまり,другими словами,彼は父の姉の息子、詰まり私の従兄弟にあたる,Unit12
