id,word,reading,meaning,kanjihidden,tags
1.1,駐車,ちゅうしゃ,парковка,ちゅう車,第1週1日目
1.2,駐車場,ちゅうしゃじょう,"стоянка, парковочное место",ちゅう車場,第1週1日目
2.1,無休,むきゅう,без выходных,む休,第1週1日目
2.3,無理(な),むり,невозможный,む理(な),第1週1日目
2.2,無料,むりょう,бесплатный,む料,第1週1日目
2.4,無い,ない,нет; не быть; не иметься,ない,第1週1日目
3.1,満車,まんしゃ,заполнено (машинами),まん車,第1週1日目
3.3,不満(な),ふまん,"недовольство, неудовлетворенность",不まん(な),第1週1日目
3.2,満員,まんいん,«мест нет»; «все билеты проданы»;,まん員,第1週1日目
4.1,方向,ほうこう,направление,方こう,第1週1日目
4.3,向かう,むかう,идти против; направляться,むかう,第1週1日目
4.2,向こう,むこう,та сторона; противоположная сторона; вон там,むこう,第1週1日目
4.4,〇〇向き,むき,"пригодность, используемость для чего-л., ориентированность",〇〇むき,第1週1日目
5.1,禁止,きんし,запрет,きん止,第1週1日目
6.1,関心,かんしん,"интерес, заинтересованность",かん心,第1週1日目
6.2,関する,かんする,иметь отношение,かんする,第1週1日目
7.1,関係,かんけい,"отношение, причастность",かん係,第1週1日目
7.2,係,かかり,ответственность; ответст. лицо,かかり,第1週1日目
8.1,無断,むだん,"без спросу, без разрешения",無だん,第1週1日目
8.3,断る,ことわる,"отклонять, отказывать",ことわる,第1週1日目
8.2,断水,だんすい,приостановка подачи воды,だん水,第1週1日目
9.1,横断,おうだん,пересечение,おう断,第1週2日目
9.3,横,よこ,сторона,よこ,第1週2日目
9.2,横断歩道,おうだんほどう,пешеходный переход,おう断歩道,第1週2日目
10.1,押す,おす,толкать,おす,第1週2日目
10.3,押し入れ,おしいれ,стенной шкаф,おし入れ,第1週2日目
10.2,押さえる,おさえる,"надавить, придавить",おさえる,第1週2日目
11.1,押しボタン式,おしぼたんしき,… с кнопкой,押しボタンしき,第1週2日目
11.3,数式,すうしき,мат. формула,数しき,第1週2日目
11.2,入学式,にゅうがくしき,церемония поступления,入学しき,第1週2日目
12.1,送信,そうしん,передача (сообщения),送しん,第1週2日目
12.3,自信,じしん,уверенность (в себе),自しん,第1週2日目
12.2,信じる,しんじる,верить,しんじる,第1週2日目
12.4,信用,しんよう,доверие; репутация,しん用,第1週2日目
13.1,信号,しんごう,светофор,信ごう,第1週2日目
13.2,〜号車,ごうしゃ,вагон номер...,〜ごう車,第1週2日目
14.1,正確(な),せいかく,"правильный, верный",正かく(な),第1週2日目
14.2,確かめる,たしかめる,проверять; уточнять; удостоверяться; убеждаться; справляться,たしかめる,第1週2日目
14.3,確か(な),たしか,"достоверный, -ни наверняка",たしか(な),第1週2日目
15.1,確認,かくにん,подтверждение,確にん,第1週2日目
15.2,認める,みとめる,"признавать, замечать",みとめる,第1週2日目
16.1,飛行場,ひこうき,аэродром,ひ行場,第1週2日目
16.2,飛ぶ,とぶ,летать,とぶ,第1週2日目
17.1,非常(の),ひじょう,чрезвычайная ситуация,ひ常(な),第1週3日目
17.2,非常に,ひじょうに,чрезвычайно,ひ常に,第1週3日目
17.3,非常口,ひじょうぐち,аварийный выход,ひ常口,第1週3日目
18.1,日常(の),にちじょう,повседневный,日じょう(の),第1週3日目
18.2,正常(な),せいじょう,нормальный,正じょう(な),第1週3日目
19.1,〜階,かい,этаж,〜かい,第1週3日目
20.1,階段,かいだん,лестница,階だん,第1週3日目
21.1,箱,はこ,коробка,はこ,第1週3日目
21.2,ごみ箱,ごみばこ,корзина для мусора,ごみごみ箱,第1週3日目
22.1,危険(な),きけん,опасность,き険(な),第1週3日目
22.2,危ない,あぶない,опасный,あぶない,第1週3日目
23.1,危険(な),きけん,опасность,危けん(な),第1週3日目
24.1,捨てる,すてる,выбрасывать,すてる,第1週3日目
25.1,線,せん,линия,せん,第1週4日目
25.2,〜番線,ばんせん,ж.-д. путь номер...,〜番せん,第1週4日目
26.1,全面,ぜんめん,вся поверхность,全めん,第1週4日目
26.2,画面,がめん,экран,画めん,第1週4日目
26.3,〇〇方面,ほうめん,местность; район,〇〇方めん,第1週4日目
27.1,普通(の),ふつう,обычный,ふ通(の),第1週4日目
28.1,各駅,かくえき,каждая станция,かく駅,第1週4日目
28.3,各自,かくじ,каждый (о человеке),かく自,第1週4日目
28.2,各国,かっこく,каждая страна,かっ国,第1週4日目
29.1,目次,もくじ,оглавление,目じ,第1週4日目
29.3,次,つぎ,следующий,つぎ,第1週4日目
29.2,次回,じかい,в следующий раз,じ回,第1週4日目
30.1,快速,かいそく,высокая скорость,かい速,第1週4日目
31.1,高速道路,こうそくどうろ,высокоскоростное шоссе,高そく道路,第1週4日目
31.3,速い,はやい,быстрый; скорый,はやい,第1週4日目
31.2,速度,そくど,скорость; темп,そく度,第1週4日目
32.1,通過,つうか,прохождение; проезд; следование,通か,第1週4日目
32.3,過ぎる,すぎる,"проходить (о времени, событиях)",すぎる,第1週4日目
32.2,過去,かこ,прошлое,か去,第1週4日目
33.1,地下鉄,ちかてつ,метро,地下てつ,第1週4日目
33.3,鉄,てつ,железо,てつ,第1週4日目
33.2,鉄道,てつどう,ж/д,てつ道,第1週4日目
34.1,指定,してい,"назначение, предназначение",し定,第1週5日目
34.3,指,ゆび,палец,ゆび,第1週5日目
34.2,指定席,していせき,указанное место (зарезервированное),し定席,第1週5日目
34.4,指輪,ゆびわ,"кольцо, перстень",ゆび輪,第1週5日目
35.1,定休日,ていきゅうび,нерабочий день (фиксированный),てい休日,第1週5日目
35.2,安定,あんてい,стабильность,安てい,第1週5日目
36.1,席,せき,место; сиденье,せき,第1週5日目
36.2,出席,しゅっせき,присутствие,出せき,第1週5日目
36.3,欠席,けっせき,отсутствие,欠せき,第1週5日目
37.1,自由(な),じゆう,свобода,自ゆう(な),第1週5日目
37.3,理由,りゆう,причина,理ゆう,第1週5日目
37.2,自由席,じゆうせき,свободное место (для сидения),自ゆう席,第1週5日目
38.1,番号,ばんごう,номер,ばん号,第1週5日目
38.3,〜番線,ばんせん,ж.-д. путь номер...,ばん線,第1週5日目
38.2,〜番,ばん,номер,〜ばん,第1週5日目
39.1,窓,まど,окно,まど,第1週5日目
39.2,窓口,まどぐち,окошко (кассы и т.п.),まど口,第1週5日目
40.1,両側,りょうがわ,обе стороны,両がわ,第1週5日目
40.2,窓側,まどがわ,сиденье у окна,窓がわ,第1週5日目
40.3,右側,みぎがわ,правая сторона,右がわ,第1週5日目
41.1,通路,つうろ,"проход, коридор",通ろ,第1週5日目
41.3,線路,せんろ,ж/д линия,線ろ,第1週5日目
41.2,道路,どうろ,дорога,道ろ,第1週5日目
42.1,停車,ていしゃ,остановка (транспорта),てい車,第1週6日目
42.2,バス停,バスてい,автобусная остановка,バスてい,第1週6日目
43.1,整理,せいり,"упорядочение, урегулирование",せい理,第1週6日目
43.2,整理券,せいりけん,нумерованный билет,せい理券,第1週6日目
44.1,駐車券,ちゅうしゃけん,парковочный талон,駐車けん,第1週6日目
44.3,回数券,かいすうけん,билетная книжка,回数けん,第1週6日目
44.2,乗車券,じょうしゃけん,проездной билет,乗車けん,第1週6日目
45.1,現金,げんきん,наличные,げん金,第1週6日目
45.3,現れる,あらわれる,"появляться, показываться",あらわれる,第1週6日目
45.2,表現,ひょうげん,выражение,表げん,第1週6日目
46.1,両親,りょうしん,родители,りょう親,第1週6日目
46.2,〜両,りょう,"сч. суф. повозок, вагонов",〜りょう,第1週6日目
47.1,取り替える,とりかえる,"менять, обменивать",取りかえる,第1週6日目
47.3,着替える,きがえる,переодеться,着がえる,第1週6日目
47.2,両替,りょうがえ,обмен валюты,両がえ,第1週6日目
48.1,優先席,ゆうせんせき,приоритетное место,ゆう先席,第1週6日目
48.3,優しい,やさしい,"добрый, ласковый, милый",やさしい,第1週6日目
48.2,女優,じょゆう,актриса,女ゆう,第1週6日目
49.1,座席,ざせき,место; сиденье; кресло,ざ席,第1週6日目
49.3,座る,すわる,сидеть,すわる,第1週6日目
49.2,正座,せいざ,сидеть прямо (по-японски),正ざ,第1週6日目
50.1,降車口,こうしゃぐち,выход (для высадки пассажиров),こう車口,第1週6日目
50.3,降りる,おりる,"сходить, выходить",おりる,第1週6日目
50.2,以降,いこう,после...,以こう,第1週6日目
50.4,降る,ふる,идти (об осадках),ふる,第1週6日目
51.1,未定,みてい,"неустановленный, неопределенный",み定,第1週7日目
51.2,未来,みらい,"будущее, грядущее",み来,第1週7日目
51.3,〜未満,みまん,менее чем,〜み満,第1週7日目
52.1,週末,しゅうまつ,выходные,週まつ,第1週7日目
52.3,年末,ねんまつ,конец года,年まつ,第1週7日目
52.2,月末,げつまつ,конец месяца,月まつ,第1週7日目
53.1,若い,わかい,молодой,わかい,第1週7日目
54.1,晩,ばん,"вечер, ночь",ばん,第1週7日目
54.3,晩ご飯,ばんごはん,ужин,ばんご飯,第1週7日目
54.2,今晩,こんばん,сегодня вечером,今ばん,第1週7日目
54.4,毎晩,まいばん,каждую ночь,毎ばん,第1週7日目
55.1,〇〇島,とう,остров …,〇〇とう,第1週7日目
55.2,島,しま,остров,しま,第1週7日目
56.1,皿,さら,"тарелка, блюдо",さら,第1週7日目
56.2,灰皿,はいざら,пепельница,灰ざら,第1週7日目
57.1,出血,しゅっけつ,кровотечение,出けつ,第1週7日目
57.2,血,ち,кровь,ち,第1週7日目
58.1,救助,きゅうじょ,помощь,救じょ,第1週7日目
58.2,助ける,たすける,"помогать, спасать",たすける,第1週7日目
59.1,準備,じゅんび,подготовка,じゅん備,第2週1日目
60.1,準備,じゅんび,подготовка,準び,第2週1日目
60.2,備える,そなえる,"запасать что-л., проводить подготовку",そなえる,第2週1日目
61.1,営業,えいぎょう,бизнесс,えい業,第2週1日目
62.1,開閉,かいへい,открытие-закрытие,開へい,第2週1日目
62.2,閉まる,しまる,закрываться,しまる,第2週1日目
62.3,閉める,しめる,закрывать,しめる,第2週1日目
63.1,案内,あんない,"гид, информация, освещенность",あん内,第2週1日目
63.2,案,あん,"план, проект; предложение",あん,第2週1日目
64.1,家内,かない,жена,家ない,第2週1日目
64.2,以内,いない,"в пределах чего-л., не свыше",以ない,第2週1日目
64.3,内側,うちがわ,внутренняя сторона,うち側,第2週1日目
64.4,国内,こくない,внутри страны,国ない,第2週1日目
65.1,予定,よてい,план; расчёт,よ定,第2週1日目
65.2,予習,よしゅう,подготовка к уроку,よ習,第2週1日目
66.1,予約,よやく,"предварительный&nbsp;заказ, резервирование",予やく,第2週1日目
66.2,約〜,やく,приблизительно,やく〜,第2週1日目
67.1,禁煙,きんえん,Не курить,禁えん,第2週2日目
67.2,煙,けむり,дым,はむり,第2週2日目
68.1,本当,ほんとう,правда,本とう,第2週2日目
68.2,当の〇〇,とう,этот,とうの〇〇,第2週2日目
68.3,当たる,あたる,выигрывать; удаваться,あたる,第2週2日目
68.4,当たり前,あたりまえ,"естественно, нормально, ничего удивительного",あたり前,第2週2日目
69.1,全部,ぜんぶ,"все, всё",ぜん部,第2週2日目
69.2,全席,ぜんせき,все места,ぜん席,第2週2日目
69.3,安全(な),あんぜん,безопасность,安ぜん(な),第2週2日目
70.1,客,きゃく,гость; посетитель,きゃく,第2週2日目
70.2,お客様,おきゃくさま,господин клиент,おきゃく様,第2週2日目
72.1,理解,りかい,понимание,理かい,第2週2日目
72.2,解答,かいとう,"решение (задачи), ответ (на экзамене)",かい答,第2週2日目
72.3,解説,かいせつ,"пояснение, объяснение",かい説,第2週2日目
72.4,分解,ぶんかい,"разложение на части, разделение",分かい,第2週2日目
73.1,協力,きょうりょく,сотрудничество,きょう力,第2週2日目
74.1,願う,ねがう,"просить, молить; желать",ねがう,第2週2日目
75.1,観光,かんこう,"туризм, экскурсия, турпоездка",かん光,第2週3日目
75.2,観客,かんきゃく,зрители; слушатели; публика; аудитория,かん客,第2週3日目
76.1,動物園,どうぶつえん,зоопарк,動物えん,第2週3日目
77.1,空港,くうこう,аэропорт,空こう,第2週3日目
77.2,〇〇港,こう,порт …,〇〇こう,第2週3日目
77.3,港,みなと,порт,みなと,第2週3日目
78.1,遊園地,ゆうえんち,парк развлечений,ゆう園地,第2週3日目
78.2,遊ぶ,あそぶ,развлекаться,あそぶ,第2週3日目
79.1,美術館,びじゅつ,"картинная галерея, музей",び術館,第2週3日目
79.2,美人,びじん,красавица,び人,第2週3日目
79.3,美しい,うつくしい,красивый,うつくしい,第2週3日目
80.1,美術,びじゅつ,искусство; изящное искусство,美じゅつ,第2週3日目
80.2,技術,ぎじゅつ,"техника, мастерство, искусство; технология",技じゅつ,第2週3日目
80.3,手術,しゅじゅつ,хирургическая операция,手じゅつ,第2週3日目
81.1,神社,じんじゃ,"Синтоистское святилище, храм",じん社,第2週3日目
81.2,神経質(な),しんけいしつ,"нервный, нервозный",しん経質(な),第2週3日目
81.3,神様,かみさま,Бог,かみ様,第2週3日目
82.1,〇〇寺,じ,храм …,〇〇じ,第2週3日目
82.2,お寺,おてら,буддистский храм,おてら,第2週3日目
83.1,市役所,しやくしょ,"мэрия, муниципалитет",市やく所,第2週4日目
83.2,役に立つ,やくにたつ,"годиться, быть пригодным, быть полезным",やくに立つ,第2週4日目
83.3,役員,やくいん,"служащий, чиновник, должностное лицо",やく員,第2週4日目
84.1,郵便,ゆうびん,почта,ゆう便,第2週4日目
85.1,郵便局,ゆうびんきょく,почтовое отделение,郵便きょく,第2週4日目
85.2,薬局,やっきょく,аптека,薬きょく,第2週4日目
86.1,交番,こうばん,полицейский пост,こう番,第2週4日目
86.2,交通,こうつう,"трафик, транспортное движение",こう通,第2週4日目
86.3,交換,こうかん,"обмен, размен",こう換,第2週4日目
87.1,差,さ,"разница, различие, расхождение",さ,第2週4日目
87.2,差し出す,さしだす,отправлять&nbsp;<i>(<em>напр.</em>&nbsp;письмо)</i>,さし出す,第2週4日目
87.3,差出人,さしだしにん,отправитель,さし出人,第2週4日目
88.1,交差点,こうさてん,перекресток,交差てん,第2週4日目
88.2,点数,てんすう,"очки, баллы",てん数,第2週4日目
88.3,〜点,てん,… баллов,〜てん,第2週4日目
89.1,歩道橋,ほどうきょう,пешеходный мост,歩道きょう,第2週4日目
89.2,橋,はし,мост,はし,第2週4日目
90.1,公園,こうえん,парк,こう園,第2週4日目
91.1,受信,じゅしん,получение известия,じゅ信,第2週5日目
91.2,受験,じゅけん,сдача экзамена,じゅ験,第2週5日目
91.3,受ける,うける,получать,うける,第2週5日目
92.1,付ける,つける,прикреплять,つける,第2週5日目
92.2,片付ける,かたづける,приводить в порядок,片づける,第2週5日目
92.3,受付,うけつけ,ресепшн,うけ付,第2週5日目
92.4,付く,つく,быть прикрепленным,つく,第2週5日目
93.1,科学,かがく,наука,か学,第2週5日目
93.2,外科,げか,хирургия,外か,第2週5日目
93.3,内科,ないか,терапия,内か,第2週5日目
93.4,教科書,きょうかしょ,учебник,教か書,第2週5日目
94.1,耳鼻科,じびか,отоларингология,耳び科,第2週5日目
94.2,鼻,はな,нос,はな,第2週5日目
95.1,婦人,ふじん,женщина,ふ人,第2週5日目
95.2,産婦人科,さんふじんか,акушерство и гинекология,産ふ人科,第2週5日目
95.3,主婦,しゅふ,домохозяйка,主ふ,第2週5日目
96.1,形式,けいしき,"форма, тип",けい式,第2週5日目
96.2,図形,ずけい,"график, диаграмма",図けい,第2週5日目
96.3,整形外科,せいけいげか,ортопедия,整けい外科,第2週5日目
96.4,人形,にんぎょう,кукла,人ぎょう,第2週5日目
96.5,形,かたち,"форма; вид, фигура",かたち,第2週5日目
97.1,骨折,こっせつ,перелом кости,こっ折,第2週5日目
97.2,骨,ほね,кость,ほね,第2週5日目
98.1,右折,うせつ,согнуть/повернуть направо,右せつ,第2週5日目
98.2,左折,させつ,согнуть/повернуть налево,左せつ,第2週5日目
98.3,折る,おる,"ломать, сгибать",おる,第2週5日目
98.4,折り紙,おりがみ,оригами,おり紙,第2週5日目
98.5,折れる,おれる,"сломаться, согнуться",おれる,第2週5日目
99.1,困る,こまる,быть в затруднении,こまる,第2週6日目
100.1,消防,しょうぼう,пожарная охрана,しょう防,第2週6日目
100.2,消える,きえる,"гаснуть, тухнуть; таять (о снеге)",きえる,第2週6日目
100.3,消す,けす,"тушить, гасить; выключать (свет, газ, радио и т. п. )",けす,第2週6日目
100.4,消しゴム,けしごむ,"ластик, резинка для стирания",けしゴム,第2週6日目
101.1,予防,よぼう,"предупреждение, предотвращение, предохрание, профилактика",予ぼう,第2週6日目
101.2,防ぐ,ふせぐ,"предупреждать, предотвращать",ふせぐ,第2週6日目
102.1,救急車,きゅうきゅうしゃ,машина скорой помощи,きゅう急車,第2週6日目
102.2,救う,すくう,"спасать, выручать; помогать",すくう,第2週6日目
103.1,警官,けいかん,полицейский; собир. полиция,けい官,第2週6日目
104.1,警察,けいさつ,полиция,警さつ,第2週6日目
104.2,警察署,けいさつしょ,полицейский участок,警さつ署,第2週6日目
105.1,事故,じこ,"происшествие, авария; несчастный случай",事こ,第2週6日目
105.2,故障,こしょう,"помеха; авария; повреждение, неисправность",こ障,第2週6日目
105.3,故〇〇,こ,покойный …,こ〇〇,第2週6日目
106.1,伝言,でんごん,[устное] сообщение,でん言,第2週6日目
106.2,伝える,つたえる,передавать; сообщать,つたえる,第2週6日目
106.3,手伝う,てつだう,помогать в чём-л.,手つだう,第2週6日目
107.1,黄色,きいろ,жёлтый цвет,き色,第2週7日目
107.2,黄色い,きいろい,жёлтый,き色い,第2週7日目
108.1,絵画,かいが,"картины, рисунки",かい画,第2週7日目
108.2,絵,え,"картина, изображение",え,第2週7日目
108.3,絵本,えほん,книга в картинках,え本,第2週7日目
109.1,〜組,くみ,"группа [людей], объединение",〜くみ,第2週7日目
109.2,番組,ばんぐみ,"программа, передача (радио, ТВ)",番ぐみ,第2週7日目
109.3,組む,くむ,"составлять, собирать, организовывать",くむ,第2週7日目
109.4,組み立てる,くみたてる,"собирать, составлять, монтировать",くみ立てる,第2週7日目
110.1,約束,やくそく,"обещание; договорённость, уговор",約そく,第2週7日目
110.2,〜束,たば,связка; охапка; пучок,〜たば,第2週7日目
110.3,花束,はなたば,букет цветов,花たば,第2週7日目
111.1,授業,じゅぎょう,"преподавание; уроки, занятия",じゅ業,第2週7日目
111.2,教授,きょうじゅ,профессор,教じゅ,第2週7日目
112.1,渡る,わたる,"переходить через что-л., пересекать",わたる,第2週7日目
112.2,渡す,わたす,"переправлять, перевозить; передавать, вручать",わたす,第2週7日目
113.1,昔,むかし,"старина, старые времена; в древности",むかし,第2週7日目
114.1,必要(な),ひつよう,необходимость,必よう(な),第3週1日目
114.2,要る,いる,"быть нужным, требоваться",いる,第3週1日目
114.3,重要(な),じゅうよう,"важный, серьёзный",重よう(な),第3週1日目
115.1,冷房,れいぼう,кондиционирование воздуха,れい房,第3週1日目
115.2,冷たい,つめたい,"холодный, прохладный",つめたい,第3週1日目
115.3,冷やす,ひやす,остужать;&nbsp;замораживать,ひやす,第3週1日目
115.4,冷える,ひえる,"охлаждаться, остывать",ひえる,第3週1日目
115.5,冷める,さめる,"остывать, охладевать",さめる,第3週1日目
115.6,冷ます,さます,"охладить, остудить",さます,第3週1日目
116.1,冷蔵庫,れいぞうこ,холодильник,冷ぞう庫,第3週1日目
117.1,冷凍庫,れいとうこ,морозильная камера,冷とう庫,第3週1日目
117.2,凍る,こおる,"замерзать, застывать",こおる,第3週1日目
118.1,金庫,きんこ,сейф,金こ,第3週1日目
118.2,車庫,しゃこ,гараж,車こ,第3週1日目
119.1,召し上がる,めしあがる,"вежл. кушать, пить",めし上がる,第3週1日目
120.1,保存する,ほぞんする,сохранять,ほ存する,第3週1日目
121.1,ご存じです,ごぞんじです,знать,ごぞんじです,第3週1日目
121.2,存じません,ぞんじません,не знать,ぞんじません,第3週1日目
122.1,必要(な),ひつよう,необходимый,ひつ要(な),第3週1日目
122.2,必死(に),ひっし,"в отчаянии, обезумев",ひっ死(に),第3週1日目
122.3,必ず,かならず,"непременно, обязательно",かならず,第3週1日目
123.1,費用,ひよう,расход; [за]трата,ひ用,第3週2日目
123.2,消費者,しょうひしゃ,потребитель,消ひ者,第3週2日目
123.3,旅費,りょひ,расходы на путешествие,旅ひ,第3週2日目
123.4,会費,かいひ,членские взносы,会ひ,第3週2日目
124.1,期間,きかん,"период, отрезок времени",き間,第3週2日目
124.2,定期券,ていきけん,"сезонный (месячный, квартальный) билет",定き券,第3週2日目
124.3,長期,ちょうき,долгий срок,長き,第3週2日目
124.4,短期,たんき,короткий срок,短き,第3週2日目
125.1,期限,きげん,"срок, крайний срок",期げん,第3週2日目
125.2,限度,げんど,"предел; ограничение, потолок",げん度,第3週2日目
125.3,限る,かぎる,ограничивать[ся],かぎる,第3週2日目
125.4,限定,げんてい,ограничение,げん定,第3週2日目
126.1,〇〇製,せい,сделано в …,〇〇せい,第3週2日目
126.2,製品,せいひん,"готовая продукция, товар",せい品,第3週2日目
127.1,製造,せいぞう,"производство, изготовление",せい造,第3週2日目
127.2,造る,つくる,"делать, изготовлять; строить",つくる,第3週2日目
128.1,賞,しょう,награда,しょう,第3週2日目
128.2,賞味期限,しょうみきげん,«употребить до»,しょう味期限,第3週2日目
128.3,賞金,しょうきん,премия (денежная),しょう金,第3週2日目
128.4,賞品,しょうひん,приз,しょう品,第3週2日目
129.1,方法,ほうほう,"способ, метод, средство",方ほう,第3週2日目
129.2,文法,ぶんぽう,грамматика,文ぽう,第3週2日目
130.1,温度,おんど,температура,おん度,第3週2日目
130.2,気温,きおん,температура [воздуха],気おん,第3週2日目
130.3,温かい,あたたかい,тёплый,あたたかい,第3週2日目
130.4,常温,じょうおん,нормальная температура,常おん,第3週2日目
131.1,販売,はんばい,"продажа, торговля",はん売,第3週3日目
131.2,自動販売機,じどうはんばいき,торговый автомат,自動はん売機,第3週3日目
132.1,飛行機,ひこうき,самолет,飛行き,第3週3日目
132.2,機械,きかい,"машина, механизм",き械,第3週3日目
132.3,機会,きかい,"[благоприятный] случай, удобный момент, шанс",き会,第3週3日目
133.1,増加,ぞうか,"увеличение, рост; прибавление",ぞう加,第3週3日目
133.2,増える,ふえる,"увеличиваться, прибавляться",ふえる,第3週3日目
133.3,増やす,ふやす,"увеличивать, приумножать",ふやす,第3週3日目
134.1,減少,げんしょう,"уменьшение, сокращение, снижение",げん少,第3週3日目
134.2,減る,へる,"1) уменьшаться, сокращаться; 2) изнашиваться",へる,第3週3日目
134.3,減らす,へらす,"уменьшать, сокращать, снижать",へらす,第3週3日目
135.1,量,りょう,количество;,りょう,第3週3日目
135.2,数量,すうりょう,"кол-во, численность",数りょう,第3週3日目
135.3,増量,ぞうりょう,увеличение кол-ва чего-л.,増りょう,第3週3日目
135.4,減量,げんりょう,"потеря веса, убыль",減りょう,第3週3日目
136.1,氷,こおり,лёд,こおり,第3週3日目
137.1,返事,へんじ,ответ,へん事,第3週3日目
137.2,返却,へんきゃく,возвращение; уплата,へん却,第3週3日目
137.3,返す,かえす,"возвращать, отдавать обратно",かえす,第3週3日目
138.1,(お)湯,ゆ,горячая вода;,(お)ゆ,第3週3日目
139.1,材料,ざいりょう,материал[ы],ざい料,第3週4日目
139.2,教材,きょうざい,учебные материалы,教ざい,第3週4日目
140.1,卵,たまご,яйцо,たまご,第3週4日目
140.2,卵焼き,たまごやき,"омлет, яичница",たまご焼き,第3週4日目
141.1,牛乳,ぎゅうにゅう,молоко,牛にゅう,第3週4日目
142.1,粉,こな,порошок; мука;,こな,第3週4日目
142.2,小麦粉,こむぎこ,пшеничная мука,小麦こ,第3週4日目
143.1,袋,ふくろ,мешок; сумка,ふくろ,第3週4日目
143.2,紙袋,かみぶくろ,"бумажный мешок, пакет",紙ぶくろ,第3週4日目
143.3,ごみ袋,ごみぶくろ,мешок для мусора,ごみぶくろ,第3週4日目
143.4,手袋,てぶくろ,"перчатки, рукавицы",手ぶくろ,第3週4日目
143.5,足袋,たび,таби (японские носки),足び,第3週4日目
144.1,混雑,こんざつ,"суматоха, суета",こん雑,第3週4日目
144.2,混ぜる,まぜる,смешивать,まぜる,第3週4日目
145.1,焼く,やく,"жечь, сжигать",やく,第3週4日目
145.2,焼ける,やける,гореть; сгорать; жариться; печься,やける,第3週4日目
146.1,表,ひょう,"таблица, диаграмма; график; список",ひょう,第3週4日目
146.2,表面,ひょうめん,лицевая сторона,ひょう面,第3週4日目
146.3,発表,はっぴょう,публикация; сообщение,発ぴょう,第3週4日目
146.4,代表,だいひょう,"представительство, представитель",代ひょう,第3週4日目
146.5,表,おもて,лицевая сторона; поверхность,おもて,第3週4日目
146.6,表す,あらわす,выражать,あらわす,第3週4日目
147.1,裏,うら,изнанка; оборотная сторона,うら,第3週4日目
147.2,裏返す,うらがえす,выворачивать наизнанку,うら返す,第3週4日目
148.1,留学,りゅうがく,обучение заграницей,りゅう学,第3週5日目
148.2,留守番,るすばん,присмотр за домом в отсутствие хозяев,る守番,第3週5日目
148.3,保留,ほりゅう,"отговорка; откладывать, отсрочивать",保りゅう,第3週5日目
148.4,書留,かきとめ,заказное отправление,書とめ,第3週5日目
149.1,守備,しゅび,"охрана, гарнизонная служба",しゅ備,第3週5日目
149.2,留守,るす,"пребывание вне дома, отсутствие",留す,第3週5日目
149.3,守る,まもる,"защищать, охранять",まもる,第3週5日目
150.1,濃い,こい,густой; тёмный,こい,第3週5日目
151.1,薄い,うすい,"слабый (о растворе); жидкий (напр. о чае); светлый (о цвете); бледный (о печати); редкий, жидкий (о волосах);",うすい,第3週5日目
152.1,部分,ぶぶん,"часть, доля",ぶ分,第3週5日目
152.2,学部,がくぶ,факультет,学ぶ,第3週5日目
152.3,部長,ぶちょう,начальник департамента,ぶ長,第3週5日目
152.4,部屋,へや,комната,へ屋,第3週5日目
153.1,数字,すうじ,число,すう字,第3週5日目
153.2,数学,すうがく,математика,すう学,第3週5日目
153.3,数,かず,чило,かず,第3週5日目
153.4,数える,かぞえる,"считать, подсчитывать",かぞえる,第3週5日目
154.1,件名,けんめい,"тема, содержание, предмет",けん名,第3週5日目
154.2,事件,じけん,"происшествие, событие",事けん,第3週5日目
154.3,用件,ようけん,дело,用けん,第3週5日目
155.1,再入国,さいにゅうこく,вторичный въезд в страну,さい入国,第3週5日目
155.2,再ダイヤル,さいだいやる,перенабор телефона,さいダイヤル,第3週5日目
155.3,再生,さいせい,второе рождение,さい生,第3週5日目
155.4,再来週,さらいしゅう,через две недели,さ来週,第3週5日目
156.1,接続,せつぞく,"связь, [при] соединение; подключение",せつ続,第3週6日目
156.2,面接,めんせつ,собеседование,面せつ,第3週6日目
157.1,接続,せつぞく,"связь, [при]соединение",接ぞく,第3週6日目
157.2,続く,つづく,продолжаться,つづく,第3週6日目
157.3,続ける,つづける,продолжать,つづける,第3週6日目
158.1,表示,ひょうじ,"выражение, изъявление",表じ,第3週6日目
158.2,指示,しじ,указание на что-л,指じ,第3週6日目
158.3,示す,しめす,указывать на что-л.; показывать; обозначать,しめす,第3週6日目
159.1,戻る,もどる,"возвращаться, идти назад",もどる,第3週6日目
159.2,戻す,もどす,"возвращать, отдавать обратно",もどす,第3週6日目
160.1,完了,かんりょう,"окончание, завершение, конец",かん了,第3週6日目
160.2,完全(な),かんぜん,полный; целый; ~ni совершенно,かん全(な),第3週6日目
161.1,了解,りょうかい,понимание; ~suru понимать,りょう解,第3週6日目
161.2,終了,しゅうりょう,"конец, окончание; ~suru окончить (школу)",終りょう,第3週6日目
162.1,登録,とうろく,"регистрация, запись",とう録,第3週6日目
162.2,登山,とざん,восхождение на гору; альпинизм,と山,第3週6日目
162.3,登る,のぼる,идти вверх; подниматься; взбираться,のぼる,第3週6日目
163.1,記録,きろく,запись; реестр; протокол; документ,記ろく,第3週6日目
163.2,録音,ろくおん,звукозапись,ろく音,第3週6日目
163.3,録画,ろくが,видеозапись; видеолента,ろく画,第3週6日目
164.1,教育,きょういく,образование; преподавание; просвещение,教いく,第3週7日目
164.2,育てる,そだてる,воспитывать,そだてる,第3週7日目
164.3,育つ,そだつ,расти,そだつ,第3週7日目
165.1,種類,しゅるい,"вид, род, сорт, тип",しゅ類,第3週7日目
165.2,種,たね,"семя, семена",たね,第3週7日目
166.1,書類,しょるい,документы,書るい,第3週7日目
166.2,分類,ぶんるい,классификация; ~suru классифицировать,分るい,第3週7日目
166.3,人類,じんるい,человечество,人るい,第3週7日目
167.1,教師,きょうし,учитель,教し,第3週7日目
167.2,医師,いし,врач,医し,第3週7日目
167.3,看護師,かんごし,медсестра,看護し,第3週7日目
168.1,夫妻,ふさい,супруги (обращение к 3м лицам),夫さい,第3週7日目
168.2,妻,つま,жена,つま,第3週7日目
169.1,馬,うま,лошадь,うま,第3週7日目
169.2,乗馬,じょうば,верховая езда,乗ば,第3週7日目
170.1,石けん,せっけん,мыло,せっけん,第3週7日目
170.3,石,いし,камень,いし,第3週7日目
170.2,石油,せきゆ,нефть,せき油,第3週7日目
171.1,砂糖,さとう,сахар,さ糖,第4週1日目
171.2,砂,すな,песок,すな,第4週1日目
172.1,食塩,しょくえん,поваренная соль,食えん,第4週1日目
172.2,塩,しお,соль,しお,第4週1日目
173.1,しょう油,しょうゆ,соевый соус,しょうゆ,第4週1日目
173.2,石油,せきゆ,нефть,石ゆ,第4週1日目
173.3,灯油,とうゆ,керосин,灯ゆ,第4週1日目
173.4,油,あぶら,масло; жир,あぶら,第4週1日目
174.1,緑茶,りょくちゃ,зелёный чай,りょうく茶,第4週1日目
174.2,緑(色),みどりいろ,зеленый цвет,みどり(色),第4週1日目
175.1,紅茶,こうちゃ,чёрный чай,こう茶,第4週1日目
175.2,口紅,くちべに,губная помада,口べに,第4週1日目
176.1,〜冊,さつ,том; экземпляр (сч. суф. книг),〜さつ,第4週1日目
176.2,冊数,さっすう,количество книг,さっ数,第4週1日目
177.1,〜個,こ,штук (сч. суф. предметов),〜こ,第4週1日目
177.2,個数,こすう,количество штук,こ数,第4週1日目
177.3,個人,こじん,"частное лицо, индивидуум",こ人,第4週1日目
177.4,団体,だんたい,"группа, коллектив",団体,第4週1日目
178.1,〜枚,まい,листов; тарелок; штук (сч. суф. плоских предметов),〜まい,第4週1日目
178.2,枚数,まいすう,число страниц,まい数,第4週1日目
179.1,広告,こうこく,объявление; реклама; афиша,広こく,第4週2日目
180.1,便利(な),べんり,удобно,便り(な),第4週2日目
180.2,利用,りよう,использование,り用,第4週2日目
181.1,割る,わる,"колоть, разбивать, ломать",わる,第4週2日目
181.2,割合,わりあい,"соотношение, пропорция",わり合,第4週2日目
181.3,割れる,われる,разбиваться; раскалываться,われる,第4週2日目
181.4,割引,わりびき,"скидка, дисконт",わり引,第4週2日目
182.1,〜倍,ばい,после числ. в ... раз; умножить на...,〜ばい,第4週2日目
182.2,倍,ばい,"двойной, удвоенный",ばい,第4週2日目
183.1,値段,ねだん,цена; стоимость,ね段,第4週2日目
183.2,値上げ,ねあげ,"удорожание, повышение (цены и т. п. )",ね上げ,第4週2日目
183.3,値下げ,ねさげ,"удешевление, снижение (цены и т. п. )",ね下げ,第4週2日目
184.1,商品,しょうひん,товар; товары,しょう品,第4週2日目
184.2,商店,しょうてん,магазин; фирма,しょう店,第4週2日目
185.1,支店,してん,"отделение, филиал (магазина, банка и т. п. )",し店,第4週2日目
185.2,本店,ほんてん,1. главный магазин (контора) фирмы; 2. этот (наш) магазин,本店,第4週2日目
185.3,支社,ししゃ,"отделение, филиал (компании и т. п. )",し社,第4週2日目
185.4,本社,ほんしゃ,главное предприятие; наша фирма,本社,第4週2日目
186.1,払う,はらう,платить; оплачивать,はらう,第4週2日目
186.2,支払う,しはらう,"уплата, выплата, платёж",支はらう,第4週2日目
187.1,米国,べいこく,"США, Америка",べい国,第4週3日目
187.2,米,こめ,рис,こめ,第4週3日目
188.1,高級,こうきゅう,"высокий ранг, высокий уровень",高きゅう,第4週3日目
188.2,中級,ちゅうきゅう,средний класс,中きゅう,第4週3日目
188.3,上級,じょうきゅう,продвинутый уровень,上きゅう,第4週3日目
189.1,残業,ざんぎょう,сверхурочная работа,ざん業,第4週3日目
189.2,残り,のこり,остаток,のこり,第4週3日目
189.3,残る,のこる,оставаться,のこる,第4週3日目
189.4,残す,のこす,оставлять,のこす,第4週3日目
190.1,大型,おおがた,большой размер,大がた,第4週3日目
190.2,小型,こがた,"маленький, малый, малых размеров",小がた,第4週3日目
190.3,新型,しんがた,новая модель,新がた,第4週3日目
191.1,消費税,しょうひぜい,налог на потребление,消費ぜい,第4週3日目
191.2,税金,ぜいきん,"налог, пошлина",ぜい金,第4週3日目
192.1,込む（混む）,こむ,быть переполненным людьми,こむ,第4週3日目
192.2,振り込む,ふりこむ,переводить деньги на банковский счёт,振りこむ,第4週3日目
192.3,税込,ぜいこみ,включение налога,税こみ,第4週3日目
193.1,価格,かかく,"цена, стоимость",か格,第4週3日目
193.2,定価,ていか,установленная цена,定か,第4週3日目
194.1,合格,ごうかく,выдержать экзамен; соответствовать требованиям,合かく,第4週3日目
194.2,格安,かくやす,дешёвый,かく安,第4週3日目
195.1,申し込み,もうしこ,"предложение, заявка",もうし込み,第4週4日目
195.2,申込書,もうしこみしょ,бланк заявления,もう込書,第4週4日目
195.3,申告,しんこく,доклад; рапорт; подача сведений,しん告,第4週4日目
195.4,申請,しんせい,заявление; заявка; запрос,しん請,第4週4日目
195.5,申す,もうす,говорить; называться; делать (только о себе),もうす,第4週4日目
195.6,申し上げる,もうしあげる,вежл. говорить,もうし上げる,第4週4日目
196.1,記入,きにゅう,запись; внесение (в список); заполнение (бланка),き入,第4週4日目
196.2,日記,にっき,дневник,日き,第4週4日目
196.4,記事,きじ,"статья, заметка; сообщение",き事,第4週4日目
196.3,記号,きごう,"знак, символ, условное обозначение",き号,第4週4日目
197.1,例,れい,пример,れい,第4週4日目
197.2,例えば,たとえば,например,たとえば,第4週4日目
198.1,年齢,ねんれい,возраст,年れい,第4週4日目
198.2,高齢,こうれい,преклонный возраст,高れい,第4週4日目
199.1,〜歳,さい,… лет,〜さい,第4週4日目
199.2,二十歳,にじゅうさい,20 лет,二十さい,第4週4日目
199.3,二十歳,はたち,20 лет,二十ち,第4週4日目
200.1,性別,せいべつ,различия по половому признаку,せい別,第4週4日目
200.2,性格,せいかく,характер (человека),せい格,第4週4日目
200.3,女性,じょせい,женщина,女せい,第4週4日目
200.4,男性,だんせい,мужчина,男せい,第4週4日目
201.1,連休,れんきゅう,несколько выходных (праздников) подряд,れん休,第4週4日目
201.2,連れて行く,つれていく,идти вместе с кем-л.,つれて行く,第4週4日目
201.3,連れて来る,つれてくる,приходить вместе с кем-л.,つれて来る,第4週4日目
202.1,連絡,れんらく,"связываться, соединяться",連らく,第4週4日目
203.1,届ける,とどける,"доставлять [на дом];заявлять, уведомлять",とどける,第4週5日目
203.2,届く,とどく,"доставать, достигать; 2) доходить (о письме и т.п.); 3) исполняться",とどく,第4週5日目
204.1,自宅,じたく,"жилье, жилой дом",自たく,第4週5日目
204.2,お宅,おたく,"дом, жилище",おたく,第4週5日目
204.3,宅配,たくはい,доставка на дом,たく配,第4週5日目
205.1,配達,はいたつ,"доставка, рассылка",はい達,第4週5日目
205.2,配送料,はいそうりょう,плата за доставку,はい送料,第4週5日目
205.3,心配,しんぱい,"беспокойство, тревога, волнение",心ぱい,第4週5日目
205.4,配る,くばる,"распределять, раздавать, рассылать",くばる,第4週5日目
206.1,希望,きぼう,надежда,き望,第4週5日目
207.1,失望,しつぼう,отчаяние; разочарование,失ぼう,第4週5日目
207.2,望む,のぞむ,желать; надеяться,のぞむ,第4週5日目
208.1,入荷,にゅうか,"прибытие, получение товаров; поставка товаров",入か,第4週5日目
208.2,出荷,しゅっか,"отгрузка, отправка; поступление товара на рынок",出か,第4週5日目
208.3,荷物,にもつ,багаж,に物,第4週5日目
208.4,手荷物,てにもつ,ручная кладь,手に物,第4週5日目
209.1,交換,こうかん,"обмен, размен",交かん,第4週5日目
209.2,乗り換える,のりかえる,пересаживаться; делать пересадку,乗りかえる,第4週5日目
209.3,代金引換,だいきんひきかえ,～で наложенным платежом,代金引かえ,第4週5日目
209.4,代引き,だいびき,наложенный платеж,代引き,第4週5日目
210.1,金額,きんがく,сумма денег; ~にして в денежном выражении,金がく,第4週5日目
210.2,半額,はんがく,половина; половина суммы; 50% билет,半がく,第4週5日目
211.1,不在,ふざい,отсутствие,不ざい,第4週6日目
211.2,現在,げんざい,в настоящее время; теперь,現ざい,第4週6日目
212.1,取る,とる,"брать, получать, принимать",とる,第4週6日目
212.2,受け取る,うけとる,"получить, принять",受けとる,第4週6日目
212.3,受取人,うけとりにん,получатель,受とり人,第4週6日目
213.1,預金,よきん,"вклад, денежный вклад, депозит",よ金,第4週6日目
213.2,預ける,あずける,отдавать (сдавать) на хранение,あずける,第4週6日目
214.1,衣類,いるい,одежда,い類,第4週6日目
214.2,衣服,いふく,одежда,い服,第4週6日目
215.1,参加,さんか,участие,さん加,第4週6日目
215.2,参考書,さんこうしょ,справочник; справочное пособие,さん考書,第4週6日目
215.3,参る,まいる,"идти, ехать; приходить, уходить",まいる,第4週6日目
216.1,上達,じょうたつ,успехи; прогресс; улучшение; совершенствование,上たつ,第4週6日目
216.2,速達,そくたつ,экспресс-доставка,速たつ,第4週6日目
216.3,友達,ともだち,"друг, друзья",友だち,第4週6日目
217.1,通勤,つうきん,хождение на работу; езда на работу,通きん,第4週6日目
217.2,勤める,つとめる,"исполнять обязанности, служить",つとめる,第4週6日目
218.1,携帯(電話),けいたいでんわ,мобильный телефон,携たい(電話),第4週6日目
218.2,時間帯,じかんたい,временная зона,時間たい,第4週6日目
218.3,帯,おび,пояс; оби (широкий длинный пояс для кимоно),おび,第4週6日目
219.1,細い,ほそい,тонкий; узкий,ほそい,第4週7日目
219.2,細かい,こまかい,мелкий; тонкий; подробный,こまかい,第4週7日目
220.1,戸,と,дверь,と,第4週7日目
220.2,雨戸,あまど,раздвижные ставни,雨ど,第4週7日目
220.3,戸だな,とだな,"шкаф, буфет",とだな,第4週7日目
221.1,びわ湖,びわこ,озеро Бива,びわこ,第4週7日目
221.2,湖,みずうみ,озеро,みずうみ,第4週7日目
222.1,風船,ふうせん,аэростат,風せん,第4週7日目
222.2,船長,せんちょう,капитан судна,せん長,第4週7日目
222.3,船,ふね,"судно, корабль; лодка",ふね,第4週7日目
222.4,船便,ふなびん,1) пароходное сообщение; 2) морская почта,ふな便,第4週7日目
223.1,角度,かくど,величина угла,かく度,第4週7日目
223.2,三角形,さんかくけい,треугольник,三かく形,第4週7日目
223.3,四角形,しかくけい,четырехугольник,四かく形,第4週7日目
223.4,角,かど,угол (внешний),かど,第4週7日目
224.1,夫妻,ふさい,супруги,ふ妻,第4週7日目
224.2,夫婦,ふうふ,супруги; супружеская пара,ふう婦,第4週7日目
224.3,夫,おっと,"муж, супруг",おっと,第4週7日目
225.1,苦労,くろう,"трудности, лишения, испытания",く労,第4週7日目
225.2,苦しい,くるしい,"тяжелый, мучительный",くるしい,第4週7日目
225.3,苦い,にがい,горький,にがい,第4週7日目
225.4,苦手(な),にがて,быть неумелым в чём-л.,にが手(な),第4週7日目
226.1,お礼,おれい,благодарность,おれい,第5週1日目
227.1,伺う,うかがう,"1) посещать;2) спрашивать, осведомляться; 3) узнать",うかがう,第5週1日目
228.1,遅刻,ちこく,опоздание,ち刻,第5週1日目
228.2,遅い,おそい,поздний; поздно,おそい,第5週1日目
228.3,遅れる,おくれる,"опаздывать, задерживаться",おくれる,第5週1日目
229.1,失礼(な),しつれい,"невежливость, грубость, нарушение этикета",しつ礼(な),第5週1日目
229.2,失礼する,しつれいする,поступить невежливо,しつ礼する,第5週1日目
229.3,失敗,しっぱい,"неудача, ошибка",しっ敗,第5週1日目
230.1,汗,あせ,пот,あせ,第5週1日目
230.2,汗をかく,あせをかく,потеть,あせをかく,第5週1日目
231.1,残念(な),ざんねん,"сожаление, досада",残ねん(な),第5週1日目
231.2,記念,きねん,"воспоминание, память",記ねん,第5週1日目
232.1,涙,なみだ,слёзы,なみだ,第5週1日目
232.2,涙を流す,なみだをながす,лить слёзы,なみだを流す,第5週1日目
233.1,笑う,わらう,смеяться,わらう,第5週1日目
233.2,笑い,わらい,смех,わらい,第5週1日目
233.3,笑顔,えがお,улыбающееся лицо; улыбка,え顔,第5週1日目
234.1,調子,ちょうし,"тон, ритм, темп; дух",ちょう子,第5週2日目
234.2,強調,きょうちょう,"подчёркивание, акцентирование",強ちょう,第5週2日目
234.3,調べる,しらべる,"расследовать, исследовать",しらべる,第5週2日目
235.1,調査,ちょうさ,"исследование, обследование, изучение",調さ,第5週2日目
236.1,移動,いどう,"движение, перемещение",い動,第5週2日目
236.2,移る,うつる,"переезжать, перебираться",うつる,第5週2日目
236.3,移す,うつす,"перемещать, переносить",うつす,第5週2日目
237.1,困難(な),こんなん,"трудности, сложности",困なん(な),第5週2日目
237.2,難問,なんもん,сложная проблема,なん問,第5週2日目
237.3,難しい,むずかしい,"трудный, тяжёлый",むずかしい,第5週2日目
238.1,簡単(な),かんたん,"простой, лёгкий",かん単(な),第5週2日目
239.1,単語,たんご,слово,たん語,第5週2日目
239.2,単位,たんい,единица чего-л. ; ~no единичный,たん位,第5週2日目
240.1,感じる,かんじる,"чувствовать, ощущать",かんじる,第5週2日目
240.2,感動,かんどう,"волнение, впечатление",かん動,第5週2日目
241.1,感想,かんそう,впечатления,感そう,第5週2日目
241.2,予想,よそう,"предположения, ожидания",予そう,第5週2日目
242.1,練習,れんしゅう,"практика, тренировка, упражнения",れん習,第5週3日目
243.1,最近,さいきん,последнее время,さい近,第5週3日目
243.2,最初,さいしょ,начало; первый раз,さい初,第5週3日目
243.3,最後,さいご,последний; финальный,さい後,第5週3日目
243.4,最も,もっとも,"самый, наиболее",もっとも,第5週3日目
244.1,適当(な),てきとう,"подходящий, соответствующий, пригодный",てき当(な),第5週3日目
244.2,快適(な),かいてき,"приятный, радующий; удобный",快てき(な),第5週3日目
245.1,選挙,せんきょ,выборы,せん挙,第5週3日目
245.2,選手,せんしゅ,"спортсмен, атлет, член команды",せん手,第5週3日目
245.3,選ぶ,えらぶ,выбирать,えらぶ,第5週3日目
246.1,違う,ちがう,быть другим; быть ошибочным,ちがう,第5週3日目
246.2,間違い,まちがい,ошибка,間ちがい,第5週3日目
246.3,間違う,まちがう,ошибаться,間ちがう,第5週3日目
246.4,間違える,まちがえる,ошибаться,間ちがえる,第5週3日目
247.1,直線,ちょくせん,прямая линия,ちょく線,第5週3日目
247.2,直接,ちょくせつ,"прямо, непосредственно",ちょく接,第5週3日目
247.3,直る,なおる,"быть исправленным, выздоравливать",なおる,第5週3日目
247.4,直す,なおす,"исправлять, чинить; вылечивать",なおす,第5週3日目
248.1,復習,ふくしゅう,повторять (урок и т. п. ),ふく習,第5週3日目
248.2,往復,おうふく,туда и обратно,往ふく,第5週3日目
248.3,回復,かいふく,восстановление; выздоровление,回ふく,第5週3日目
249.1,辞書,じしょ,словарь,じ書,第5週3日目
249.2,辞める,やめる,уйти с работы; уволиться,やめる,第5週3日目
250.1,宿題,しゅくだい,"домашнее задание, урок на дом",しゅく題,第5週3日目
250.2,下宿,げしゅく,съёмное жильё,下しゅく,第5週3日目
250.3,宿,やど,"дом, квартира; ночлег",やど,第5週3日目
251.1,昨日,さくじつ,вчера; вчерашний день,さく日,第5週4日目
251.1,昨日,きのう,вчера; вчерашний день,きのう,第5週4日目
251.3,昨夜,さくや,вчера вечером (ночью),さく夜,第5週4日目
251.4,昨年,さくねん,прошлый год; в прошлом году,さく年,第5週4日目
252.1,〇〇君,くん,суф. к именам и фамилиям при фамильярном обращении или обращении к сверстнику; обычно исп. в школе и внутри компаний,〇〇くん,第5週4日目
252.2,君,きみ,ты; молодой человек; девушка,きみ,第5週4日目
253.1,結構(な),けっこう,"прекрасный; замечательно!; вполне, довольно; хватит, больше не нужно",けっ構(な),第5週4日目
253.2,「いいえ、結構です」,いいえ、けっこうです,"Нет, спасибо.",「いいえ、けっ構です」,第5週4日目
253.3,結局,けっきょく,"в конце концов, в конечном счёте",けっ局,第5週4日目
253.4,結ぶ,むすぶ,"связывать, устанавливать связь, соединять; заключать, завершать, заканчивать",むすぶ,第5週4日目
254.1,結婚,けっこん,"брак, женитьба, замужество",結こん,第5週4日目
254.2,新婚旅行,しんこんりょこう,свадебное путешествие,新こん旅行,第5週4日目
254.3,婚約,こんやく,"помолвка, обручение",こん約,第5週4日目
255.1,祝日,しゅくじつ,"праздник, праздничный день",しゅく日,第5週4日目
255.2,祝う,いわう,"поздравлять; праздновать, отмечать, встречать",いわう,第5週4日目
255.3,お祝い,おいわい,поздравление; праздник; празднование,おいわい,第5週4日目
256.1,曲,きょく,мелодия; музыкальное произведение,きょく,第5週4日目
256.2,曲線,きょくせん,кривая [линия] ; дуга,きょく線,第5週4日目
256.3,曲がる,まがる,гнуться; быть изогнутым; поворачивать; огибать (угол),まがる,第5週4日目
256.4,曲げる,まげる,"сгибать;  наклонять; поворачивать, искажать",まげる,第5週4日目
257.1,奥さん,おくさん,ваша жена; его жена,おくさん,第5週4日目
257.2,奥,おく,"жена, супруга",おく,第5週4日目
258.1,寝る,ねる,спать,ねる,第5週4日目
258.2,寝坊,ねぼう,~suru проспать; встать поздно,ね坊,第5週4日目
258.3,昼寝,ひるね,дневной сон,昼ね,第5週4日目
259.1,頭痛,ずつう,головная боль,頭つう,第5週5日目
259.2,腹痛,ふくつう,"боль в животе, колики",腹つう,第5週5日目
259.3,痛い,いたい,больно; болит,いたい,第5週5日目
260.1,熱,ねつ,жар; тепло; теплота,ねつ,第5週5日目
260.2,熱心(な),ねっしん,"пыл, рвение, энтузиазм; ~na ревностный, пылкий, горячий",ねっ心(な),第5週5日目
260.3,熱い,あつい,горячий,あつい,第5週5日目
261.1,虫,むし,насекомое,むし,第5週5日目
262.1,歯科,しか,одонтология,し科,第5週5日目
262.2,歯,は,зуб,は,第5週5日目
262.3,歯医者,はいしゃ,зубной врач,は医者,第5週5日目
262.4,虫歯,むしば,испорченный зуб; кариес,虫ば,第5週5日目
263.1,政治,せいじ,политика; государственное управление,政じ,第5週5日目
263.2,治療,ちりょう,лечение; ~suru лечить,ち療,第5週5日目
263.3,治る,なおる,"вылечиться, выздоравливать",なおる,第5週5日目
263.4,治す,なおす,"лечить, излечивать",なおす,第5週5日目
264.1,汚い,きたない,грязный; нечистый,きたない,第5週5日目
264.2,汚れる,よごれる,"пачкаться, загрязняться",よごれる,第5週5日目
265.1,並ぶ,ならぶ,стоять в ряд; выстраиваться,ならぶ,第5週5日目
265.2,並べる,ならべる,"ставить в ряд, выстраивать",ならべる,第5週5日目
265.3,歯並び,はならぶ,ряд зубов; расположение зубов,歯ならび,第5週5日目
266.1,他の,たの,другие; остальные,たの,第5週5日目
266.2,この他,このた,этот,このた,第5週5日目
267.1,身長,しんちょう,рост человека,しん長,第5週6日目
267.2,独身,どくしん,одинокая жизнь,独しん,第5週6日目
267.3,身分,みぶん,"общественное положение, социальный статус",み分,第5週6日目
267.4,刺身,さしみ,кушанье из сырой рыбы,刺み,第5週6日目
268.1,日本酒,にほんしゅ,[японское] сакэ,日本しゅ,第5週6日目
268.2,料理酒,りょうりしゅ,сакэ для кулинарии,料理しゅ,第5週6日目
268.3,お酒,おさけ,сакэ; алкогольные напитки,おさけ,第5週6日目
268.4,酒屋,さかや,винная лавка,さか屋,第5週6日目
269.1,呼吸,こきゅう,дыхание; в сочет. респираторный,呼きゅう,第5週6日目
269.2,吸う,すう,вдыхать; втягивать,すう,第5週6日目
270.1,食欲,しょくよく,аппетит,食よく,第5週6日目
270.2,意欲,いよく,"желание, стремление, воля",意よく,第5週6日目
270.3,欲しい,ほしい,"хотеть, желать чего-л.; желательный",ほしい,第5週6日目
271.1,睡眠,すいみん,сон,睡みん,第5週6日目
271.2,眠い,ねむい,сонный; спать хочется,ねむい,第5週6日目
271.3,眠る,ねむる,спать; засыпать; ложиться спать,ねむる,第5週6日目
272.1,疲れる,つかれる,устать; утомиться; вымотаться,つかれる,第5週6日目
273.1,息,いき,дыхание,いき,第5週6日目
273.2,息切れ,いきぎれ,"одышка, прерывистое дыхание",いき切れ,第5週6日目
273.3,息子,むすこ,сын,むすこ,第5週6日目
274.1,呼吸,こきゅう,дыхание; в сочет. респираторный,こ吸,第5週6日目
274.2,呼ぶ,よぶ,"звать, позвать; приглашать",よぶ,第5週6日目
275.1,厚い,あつい,толстый (о предметах); плотный,あつい,第5週7日目
276.1,泣く,なく,плакать; рыдать,なく,第5週7日目
277.1,鳴く,なく,"чирикать, квакать, мычать (и так далее)",なく,第5週7日目
277.2,鳴る,なる,"звучать, раздаваться; разноситься; звонить",なる,第5週7日目
278.1,最初,さいしょ,начало; первый раз,最しょ,第5週7日目
278.2,初級,しょきゅう,уровень начинающих,しょ級,第5週7日目
278.3,初め,はじめ,начало; вначале; сперва,はじめ,第5週7日目
278.4,初めて,はじめて,"впервые, в первый раз",はじめて,第5週7日目
279.1,宿泊,しゅくはく,"ночевка, остановка на ночь",宿はく,第5週7日目
279.2,泊まる,とまる,"останавливаться на ночь, ночевать",とまる,第5週7日目
279.3,泊める,とめる,"пускать на ночь, давать приют",とめる,第5週7日目
280.1,紅葉,こうよう,"багряные [и жёлтые] листья, осенние краски",紅よう,第5週7日目
280.2,葉,は,лист,は,第5週7日目
280.3,言葉,ことば,"язык, слово",言ば,第5週7日目
281.1,予報,よほう,предсказание; прогноз (погоды),予ほう,第6週1日目
281.2,報告,ほうこく,доклад; отчёт; рапорт,ほう告,第6週1日目
282.1,晴れる,はれる,проясняться (о погоде),はれる,第6週1日目
282.2,晴れ,はれ,ясная погода,はれ,第6週1日目
283.1,雲,くも,"облако, туча",くも,第6週1日目
284.1,吹く,ふく,"дуть (например, о ветре); играть (на духовом инструменте)",ふく,第6週1日目
285.1,暖房,だんぼう,отопление,だん房,第6週1日目
285.2,暖かい,あたたかい,теплый,あたたかい,第6週1日目
286.1,雪,ゆき,снег,ゆき,第6週1日目
287.1,地震,じしん,землетрясение,地しん,第6週1日目
287.2,震度,しんど,японская шкала землетрясений,しん度,第6週1日目
288.1,電波,でんぱ,радиоволны; перен. радио,電ぱ,第6週1日目
288.2,波,なみ,волна,なみ,第6週1日目
288.3,津波,つなみ,цунами,津なみ,第6週1日目
289.1,要求,ようきゅう,требование,要きゅう,第6週2日目
289.2,求人,きゅうじん,"предложение работы, требуется работник",きゅう人,第6週2日目
289.3,請求書,せいきゅうしょ,"письменное требование, счёт",請きゅう書,第6週2日目
289.4,求める,もとめる,"требовать, домогаться; желать; искать",もとめる,第6週2日目
290.1,募集,ぼしゅう,"набор, прием, призыв",ぼ集,第6週2日目
291.1,職場,しょくば,место работы; цех,しょく場,第6週2日目
291.2,職業,しょくぎょう,"занятие, профессия",しょく業,第6週2日目
291.3,転職,てんしょく,изменение рода занятий,転しょく,第6週2日目
291.4,職員,しょくいん,"служащий, сотрудник; личный состав, персонал",しょく員,第6週2日目
292.1,美容院,びよういん,салон красоты; парикмахерская,美よう院,第6週2日目
292.2,内容,ないよう,содержание,内よう,第6週2日目
293.1,技術,ぎじゅつ,"техника, мастерство",ぎ術,第6週2日目
293.2,技術者,ぎじゅつしゃ,инженер; технический специалист,ぎ術者,第6週2日目
294.1,一般,いっぱん,общий; средний; универсальный; обычный,いっぱん,第6週2日目
294.2,一般に,いっぱんに,"в общем, в целом; вообще, обычно, как правило",いっぱんに,第6週2日目
295.1,事務,じむ,"дело, служба; делопроизводство",事む,第6週2日目
295.2,公務員,こうむいん,государственный служащий,公む員,第6週2日目
295.3,事務所,じむしょ,"управление, администрация",事む所,第6週2日目
295.4,税務署,ぜいむしょ,налоговое управление,税む署,第6週2日目
296.1,第１課,だいいっか,урок 1,第１か,第6週2日目
296.2,課長,かちょう,"менеджер секции, начальник отдела",か長,第6週2日目
297.1,地球,ちきゅう,"Земля, земной шар",地きゅう,第6週3日目
297.2,野球,やきゅう,бейсбол,野きゅう,第6週3日目
297.3,電球,でんきゅう,электрическая лампочка,電きゅう,第6週3日目
298.1,決して,けっして,"ни в коем случае, отнюдь",けっして,第6週3日目
298.2,決定,けってい,"решение, постановление, установление",けっ定,第6週3日目
298.3,決める,きめる,"решать, устанавливать, определять",きめる,第6週3日目
298.4,決まる,きまる,"быть решенным, решаться",きまる,第6週3日目
299.1,優勝,ゆうしょう,спорт. победа,優しょう,第6週3日目
299.2,決勝,けっしょう,финал,決しょう,第6週3日目
299.3,勝つ,かつ,"побеждать, выигрывать, брать верх",かつ,第6週3日目
300.1,１対２,いちたいに,"один к двум (о шансах, счёте в игре и т.п.)",１たい２,第6週3日目
300.2,反対,はんたい,"противоположность, ni наоборот",反たい,第6週3日目
301.1,流れる,ながれる,прям. и перен. течь,ながれる,第6週3日目
301.2,流す,ながす,пускать по течению,ながす,第6週3日目
302.1,勝負,しょうぶ,победа или поражение; состязание; матч; игра,勝ぶ,第6週3日目
302.2,負ける,まける,терпеть поражение; проигрывать,まける,第6週3日目
303.1,投手,とうしゅ,"бейсбол питчер, подающий",とう手,第6週3日目
303.2,投げる,なげる,"бросать, кидать, швырять",なげる,第6週3日目
304.1,結果,けっか,"результат, эффект, [по] следствие",結か,第6週3日目
304.2,果物,かだもの,фрукт [ы],くだ物,第6週3日目
305.1,戦後,せんご,"после войны, послевоенное время",せん後,第6週4日目
305.2,戦争,せんそう,"война; битва, сражение",せん争,第6週4日目
305.3,戦う,たたかう,"сражаться, биться",たたかう,第6週4日目
306.1,経験,けいけん,"[жизненный] опыт, практика",けい験,第6週4日目
306.2,経営,けいえい,"управление, менеджмент",けい営,第6週4日目
307.1,経済,けいざい,экономика,経ざい,第6週4日目
307.2,済む,すむ,"окончиться, кончиться",すむ,第6週4日目
308.1,成長,せいちょう,"рост; ~suru расти, вырастать",せい長,第6週4日目
308.2,完成,かんせい,"завершение, окончание",完せい,第6週4日目
309.1,貿易,ぼうえき,[внешняя] торговля,ぼう易,第6週4日目
310.1,貿易,ぼうえき,[внешняя] торговля,貿えき,第6週4日目
310.2,易しい,やさしい,"лёгкий, простой",やさしい,第6週4日目
311.1,輸出,ゆしゅつ,"вывоз, экспорт",ゆ出,第6週4日目
311.2,輸入,ゆにゅう,"ввоз, импорт",ゆ入,第6週4日目
311.3,輸送,ゆそう,"перевозка, транспортировка",ゆ送,第6週4日目
313.1,相談,そうだん,"беседа, совещание, консультация",そう談,第6週4日目
313.2,首相,しゅしょう,премьер [-министр],首しょう,第6週4日目
313.3,相手,あいて,партнер,あい手,第6週4日目
313.1,文化,ぶんか,культура,文か,第6週5日目
313.2,〇〇化,か,суф. для образования сущ. процесса: -ция; -ние,〇〇か,第6週5日目
313.3,化学,かがく,химия,か学,第6週5日目
313.4,化粧,けしょう,"косметика, макияж; грим",け粧,第6週5日目
314.1,比べる,くらべる,сравнивать,比べる,第6週5日目
315.1,原料,げんりょう,"сырье, материал",げん料,第6週5日目
316.1,原因,げんいん,"причина; фактор; корень, источник",原いん,第6週5日目
317.1,国際(の),こくさい,международный,国さい(の),第6週5日目
317.2,交際,こうさい,"знакомство, общение, отношения",交さい,第6週5日目
318.1,会議,かいぎ,"собрание, заседание, совещание",会ぎ,第6週5日目
318.2,議員,ぎいん,депутат; член совета; парламентарий,ぎ員,第6週5日目
319.1,生活,せいかつ,"жизнь, существование; быт",生かつ,第6週5日目
319.2,活動,かつどう,"деятельность, активность",かつ動,第6週5日目
320.1,大変(な),たいへん,"ужасный, страшный, жуткий",大へん(な),第6週5日目
320.2,変化,へんか,"перемена, изменение; трансформация, метаморфоза",へん化,第6週5日目
320.3,変わる,かわる,"изменяться, переменяться",かわる,第6週5日目
320.4,変える,かえる,"менять, изменять, переменять",かえる,第6週5日目
321.1,政治,せいじ,политика; государственное управление,せい治,第6週6日目
321.2,政治家,せいじか,политик,せい治家,第6週6日目
322.1,政府,せいふ,правительство,政ふ,第6週6日目
322.2,都道府県,とどうふけん,все административные единицы Японии,都道ふ県,第6週6日目
323.1,改正,かいせい,"ревизия, пересмотр, реорганизация",かい正,第6週6日目
323.2,改札口,かいさつぐち,"турникет, место проверки билетов",かい札口,第6週6日目
323.3,改める,あらためる,"изменять, переменять; проверять, просматривать",あらためる,第6週6日目
324.1,否定,ひてい,отрицание; ~suru отрицать,ひ定,第6週6日目
325.1,否定的(な),ひていてき,~na негативный; противоречивый,否定てき(な),第6週6日目
325.2,目的,もくてき,"цель, задача",目てき,第6週6日目
325.3,国際的(な),こくさいてき,международный,国際てきな),第6週6日目
325.4,個人的(な),こじんてき,"~na частный, личный, персональный",個人てき(な),第6週6日目
326.1,実際に,じっさい,"~[ni] действительно, фактически, по сути; реально",じっ際に,第6週6日目
326.2,実は,じつは,по правде говоря,じつは,第6週6日目
326.3,実験,じっけん,"эксперимент, опыт, испытание",じっ験,第6週6日目
327.1,欠点,けってん,"недостаток, изъян, слабое место, минус",けっ点,第6週6日目
327.2,欠席,けっせき,"неявка (на занятия и т. п. ), отсутствие",けっ席,第6週6日目
327.3,欠ける,かける,"недоставать, не хватать",かける,第6週6日目
328.1,専門,せんもん,специальность,せん門,第6週6日目
328.2,専門家,せんもんか,"специалист, эксперт, профессионал",せん門家,第6週6日目
329.1,死亡,しぼう,"смерть, кончина",死ぼう,第6週7日目
329.2,亡くなる,なくなる,"скончаться, умереть",なくなる,第6週7日目
330.1,多忙(な),たぼう,сильная занятость,多ぼう(な),第6週7日目
330.2,忙しい,いそがしい,занятой,いそがしい,第6週7日目
331.1,忘年会,ぼうねんかい,проводы старого года,ぼう年会,第6週7日目
331.2,忘れる,わすれる,забывать,わすれる,第6週7日目
331.3,忘れ物,わすれもの,забытая вещь,わすれ物,第6週7日目
332.1,文化祭,ぶんかさい,"фестиваль, культурное мероприятие",文化さい,第6週7日目
332.2,(お)祭り,まつり,"праздник, празднество",(おまつり,第6週7日目
333.1,苦労,くろう,"трудности, лишения; тяжелый труд",苦ろう,第6週7日目
333.2,労働者,ろうどうしゃ,рабочий,ろう働者,第6週7日目
334.1,参加,さんか,участие,参か,第6週7日目
334.2,増加,ぞうか,"увеличение, прибавление, рост",増か,第6週7日目
334.3,加える,くわえる,"присоединять, участвовать, добавлять; наносить (удар, ущерб)",くわえる,第6週7日目
335.1,情報,じょうほう,"информация, сведения",じょう報,第6週7日目
335.2,表情,ひょうじょう,выразительность; внешний вид; облик,表じょう,第6週7日目
335.3,事情,じじょう,"обстоятельства, положение дел, ситуация",事じょう,第6週7日目
335.4,感情,かんじょう,"чувства, эмоции",感じょう,第6週7日目
336.1,反対,はんたい,"противоположность, противное, обратное; возражение",はん対,第6週7日目
